Datetime,Storm_Status,Latitude,Longitude,Max_Wind,Min_Pressure,Radius_Max_Wind
18520826, HU, 30.2N,  88.6W,100.0,961.0,10.0
18540908, HU, 31.7N,  81.1W,100.0,950.0,40.0
18560810, HU, 29.2N,  91.1W,130.0,934.0,10.0
18580916, HU, 41.4N,  72.0W,70.0,979.0,45.0
18671029, HU, 18.4N,  64.8W,100.0,952.0,5.0
18690908, HU, 41.0N,  71.9W,100.0,963.0,30.0
18690908, HU, 41.4N,  71.7W,100.0,965.0,30.0
18731007, HU, 26.5N,  82.2W,100.0,959.0,25.0
18790818, HU, 34.5N,  76.8W,100.0,971.0,15.0
18800813, HU, 25.8N,  97.0W,130.0,931.0,10.0
18810828, HU, 31.7N,  81.1W,90.0,970.0,15.0
18860820, HU, 28.1N,  96.8W,130.0,925.0,15.0
18870921, HU, 26.1N,  97.2W,75.0,973.0,40.0
18881011, HU, 29.2N,  83.1W,95.0,970.0,10.0
18930824, HU, 40.7N,  73.9W,75.0,986.0,30.0
18930828, HU, 31.7N,  81.1W,100.0,954.0,25.0
18931013, HU, 33.0N,  79.5W,105.0,955.0,15.0
18931002, HU, 29.3N,  89.8W,115.0,948.0,10.0
18960929, HU, 29.2N,  83.1W,110.0,960.0,15.0
18981002, HU, 30.9N,  81.4W,115.0,938.0,20.0
19000909, HU, 29.1N,  95.1W,120.0,936.0,15.0
19060617, HU, 25.2N,  80.7W,75.0,979.0,25.0
19060917, HU, 33.3N,  79.2W,80.0,977.0,30.0
19061018, HU, 25.3N,  80.7W,105.0,953.0,10.0
19090921, HU, 29.5N,  91.3W,100.0,952.0,30.0
19091011, HU, 24.7N,  81.0W,100.0,957.0,20.0
19101018, HU, 26.5N,  82.0W,95.0,955.0,30.0
19110828, HU, 32.2N,  80.7W,85.0,972.0,25.0
19130903, HU, 34.7N,  76.6W,75.0,976.0,40.0
19150801, HU, 28.7N,  80.8W,65.0,990.0,15.0
19150817, HU, 29.2N,  95.1W,115.0,940.0,25.0
19150929, HU, 29.0N,  90.3W,110.0,944.0,20.0
19160705, HU, 30.4N,  88.4W,105.0,950.0,20.0
19160714, HU, 32.9N,  79.5W,95.0,960.0,20.0
19160818, HU, 27.0N,  97.4W,115.0,932.0,25.0
19161018, HU, 30.4N,  87.4W,95.0,970.0,20.0
19170929, HU, 30.4N,  86.6W,100.0,949.0,40.0
19180806, HU, 29.8N,  93.2W,105.0,955.0,10.0
19190910, HU, 24.6N,  82.9W,130.0,927.0,15.0
19190914, HU, 27.2N,  97.3W,100.0,950.0,35.0
19200922, HU, 29.1N,  90.8W,85.0,975.0,30.0
19210622, HU, 28.5N,  95.9W,80.0,980.0,15.0
19211025, HU, 28.1N,  82.8W,100.0,958.0,20.0
19231016, HU, 29.2N,  91.0W,70.0,983.0,45.0
19240826, HU, 36.3N,  74.3W,90.0,963.0,35.0
19240826, HU, 40.9N,  70.3W,80.0,968.0,40.0
19241021, HU, 25.8N,  81.8W,80.0,975.0,20.0
19260728, HU, 29.0N,  80.8W,90.0,967.0,15.0
19260825, HU, 29.2N,  90.9W,100.0,955.0,20.0
19260918, HU, 25.6N,  80.3W,125.0,930.0,20.0
19260920, HU, 30.3N,  87.5W,100.0,955.0,15.0
19261021, HU, 24.5N,  81.0W,110.0,949.0,20.0
19280808, HU, 27.3N,  80.2W,85.0,977.0,10.0
19280913, HU, 18.0N,  65.9W,140.0,931.0,25.0
19280917, HU, 26.7N,  80.0W,125.0,929.0,30.0
19280918, HU, 32.5N,  80.3W,75.0,977.0,35.0
19290628, HU, 28.3N,  96.4W,80.0,982.0,10.0
19290928, HU, 25.0N,  80.5W,100.0,948.0,30.0
19320814, HU, 29.0N,  95.2W,130.0,935.0,10.0
19330730, HU, 27.1N,  80.1W,65.0,988.0,25.0
19330823, HU, 35.8N,  75.6W,80.0,963.0,40.0
19330905, HU, 26.1N,  97.2W,110.0,940.0,20.0
19330904, HU, 26.9N,  80.1W,110.0,948.0,15.0
19330916, HU, 35.2N,  75.4W,90.0,952.0,40.0
19340616, HU, 29.7N,  91.7W,85.0,966.0,30.0
19340725, HU, 28.1N,  96.8W,75.0,979.0,25.0
19350903, HU, 24.8N,  80.8W,160.0,892.0,5.0
19350904, HU, 29.6N,  83.4W,85.0,965.0,20.0
19351104, HU, 25.9N,  80.1W,85.0,973.0,10.0
19360627, HU, 27.9N,  97.0W,70.0,987.0,5.0
19360731, HU, 30.4N,  86.6W,90.0,964.0,20.0
19360918, HU, 35.9N,  74.8W,85.0,965.0,35.0
19380921, HU, 40.7N,  72.9W,105.0,941.0,40.0
19380921, HU, 41.3N,  72.9W,100.0,946.0,40.0
19400807, HU, 29.7N,  94.1W,85.0,972.0,10.0
19400811, HU, 32.1N,  80.8W,85.0,972.0,25.0
19411007, HU, 29.9N,  84.6W,80.0,982.0,20.0
19420830, HU, 28.3N,  96.6W,100.0,950.0,20.0
19430727, HU, 29.5N,  94.6W,90.0,967.0,15.0
19440801, HU, 33.9N,  78.1W,70.0,985.0,10.0
19440914, HU, 34.5N,  75.4W,105.0,940.0,15.0
19440915, HU, 40.9N,  72.2W,90.0,954.0,30.0
19440915, HU, 41.4N,  71.6W,85.0,957.0,30.0
19441018, HU, 24.6N,  82.9W,105.0,949.0,30.0
19441019, HU, 27.2N,  82.5W,90.0,962.0,35.0
19450827, HU, 28.2N,  96.7W,100.0,963.0,10.0
19450915, HU, 25.3N,  80.3W,115.0,949.0,10.0
19450915, HU, 25.4N,  80.4W,115.0,949.0,10.0
19461008, HU, 27.5N,  82.6W,75.0,980.0,35.0
19470917, HU, 26.1N,  80.1W,115.0,943.0,15.0
19470919, HU, 29.6N,  89.5W,95.0,966.0,25.0
19480921, HU, 24.6N,  81.6W,105.0,955.0,10.0
19480922, HU, 25.8N,  81.3W,115.0,940.0,10.0
19490824, HU, 34.3N,  76.1W,90.0,977.0,25.0
19490826, HU, 26.6N,  80.0W,115.0,954.0,20.0
19491004, HU, 28.8N,  95.6W,95.0,965.0,15.0
19500831, HU, 30.2N,  88.0W,75.0,979.0,20.0
19500905, HU, 29.1N,  82.8W,105.0,960.0,15.0
19501018, HU, 25.7N,  80.2W,115.0,955.0,5.0
19540831, HU, 34.2N,  76.1W,95.0,960.0,25.0
19540831, HU, 40.9N,  72.2W,100.0,955.0,20.0
19540831, HU, 41.3N,  72.0W,100.0,957.0,20.0
19540911, HU, 41.4N,  70.5W,95.0,950.0,25.0
19540911, HU, 41.7N,  70.3W,95.0,952.0,25.0
19540911, HU, 41.9N,  70.1W,90.0,954.0,25.0
19541015, HU, 33.9N,  78.6W,115.0,938.0,20.0
19550812, HU, 34.7N,  76.7W,85.0,962.0,30.0
19550919, HU, 34.7N,  76.7W,90.0,955.0,25.0
19560924, HU, 29.1N,  89.4W,75.0,980.0,20.0
19560925, HU, 30.4N,  86.4W,80.0,974.0,20.0
19570627, HU, 29.8N,  93.7W,110.0,946.0,15.0
19590709, HU, 33.0N,  79.6W,65.0,995.0,20.0
19590725, HU, 29.1N,  95.2W,75.0,980.0,20.0
19590929, HU, 32.5N,  80.4W,115.0,951.0,10.0
19600910, HU, 24.8N,  80.9W,125.0,930.0,20.0
19600910, HU, 25.9N,  81.6W,105.0,942.0,20.0
19600912, HU, 34.6N,  77.3W,90.0,958.0,50.0
19600912, HU, 40.7N,  72.9W,85.0,959.0,50.0
19600912, HU, 41.3N,  72.4W,80.0,962.0,50.0
19600915, HU, 30.4N,  89.0W,70.0,980.0,20.0
19610911, HU, 28.3N,  96.4W,125.0,931.0,20.0
19640827, HU, 25.8N,  80.1W,95.0,968.0,10.0
19640910, HU, 29.9N,  81.3W,95.0,966.0,5.0
19641003, HU, 29.5N,  91.5W,90.0,959.0,35.0
19641014, HU, 25.8N,  81.4W,90.0,970.0,20.0
19650908, HU, 25.0N,  80.5W,100.0,952.0,30.0
19650910, HU, 29.2N,  90.1W,115.0,946.0,30.0
19660609, HU, 30.1N,  84.2W,75.0,977.0,30.0
19661004, HU, 25.0N,  80.5W,85.0,984.0,15.0
19661004, HU, 24.7N,  81.3W,85.0,988.0,20.0
19661005, HU, 24.6N,  81.8W,85.0,988.0,20.0
19670920, HU, 25.9N,  97.2W,110.0,940.0,10.0
19681019, HU, 28.7N,  82.7W,85.0,978.0,10.0
19681020, HU, 34.3N,  76.6W,75.0,985.0,10.0
19690818, HU, 30.3N,  89.4W,150.0,900.0,5.0
19700803, HU, 27.8N,  97.1W,120.0,944.0,10.0
19830818, HU, 29.1N,  95.1W,100.0,962.0,10.0
19840913, HU, 33.9N,  78.0W,80.0,979.0,15.0
19850725, HU, 32.2N,  80.5W,65.0,1003.0,20.0
19850815, HU, 29.6N,  92.7W,80.0,987.0,15.0
19850902, HU, 30.4N,  89.2W,100.0,959.0,10.0
19850927, HU, 35.2N,  75.6W,90.0,942.0,15.0
19850927, HU, 40.6N,  73.3W,75.0,961.0,10.0
19851029, HU, 29.5N,  91.4W,65.0,974.0,15.0
19851121, HU, 30.0N,  85.4W,85.0,967.0,10.0
19860626, HU, 29.6N,  94.2W,75.0,990.0,10.0
19860817, HU, 34.7N,  76.5W,65.0,990.0,15.0
19871012, HU, 25.1N,  80.5W,65.0,993.0,10.0
19880909, HU, 28.5N,  89.3W,70.0,982.0,15.0
19890801, HU, 29.6N,  94.4W,70.0,986.0,15.0
19890918, HU, 17.7N,  64.8W,120.0,940.0,10.0
19890918, HU, 18.2N,  65.5W,110.0,945.0,15.0
19890918, HU, 18.3N,  65.6W,110.0,946.0,15.0
19890922, HU, 32.8N,  79.8W,120.0,934.0,20.0
19891016, HU, 29.2N,  95.0W,75.0,983.0,10.0
19910819, HU, 41.2N,  71.6W,90.0,962.0,25.0
19920824, HU, 25.5N,  80.3W,145.0,922.0,10.0
19920826, HU, 29.6N,  91.5W,100.0,956.0,20.0
19930831, HU, 35.2N,  75.1W,100.0,961.0,30.0
19950802, HU, 27.7N,  80.3W,75.0,984.0,40.0
19950803, HU, 30.0N,  86.8W,85.0,973.0,15.0
19950803, HU, 30.3N,  87.2W,75.0,973.0,10.0
19950915, HU, 17.4N,  64.2W,85.0,969.0,20.0
19950916, HU, 18.5N,  65.2W,95.0,952.0,10.0
19951004, HU, 30.3N,  87.1W,100.0,942.0,50.0
19960712, HU, 34.3N,  77.8W,90.0,974.0,40.0
19960906, HU, 33.9N,  78.0W,100.0,954.0,40.0
19960910, HU, 18.0N,  66.9W,70.0,989.0,30.0
19970718, HU, 29.3N,  89.7W,65.0,989.0,10.0
19970719, HU, 30.2N,  88.1W,70.0,984.0,10.0
19970719, HU, 30.4N,  87.9W,65.0,986.0,10.0
19980827, HU, 34.4N,  77.7W,95.0,964.0,60.0
19980903, HU, 30.1N,  85.7W,70.0,987.0,70.0
19980921, HU, 18.1N,  65.8W,100.0,968.0,20.0
19980925, HU, 24.5N,  81.8W,90.0,981.0,25.0
19980928, HU, 30.4N,  88.9W,90.0,964.0,80.0
19990823, HU, 26.9N,  97.4W,100.0,951.0,10.0
19990916, HU, 33.8N,  78.0W,90.0,956.0,35.0
19991015, HU, 24.6N,  81.6W,65.0,987.0,30.0
19991015, HU, 25.3N,  81.1W,70.0,987.0,40.0
19991018, HU, 34.8N,  75.2W,95.0,964.0,30.0
20021003, HU, 29.5N,  92.2W,80.0,963.0,10.0
20030715, HU, 28.3N,  96.2W,80.0,979.0,15.0
20030918, HU, 34.9N,  76.2W,90.0,957.0,40.0
20040803, HU, 35.3N,  75.2W,85.0,972.0,15.0
20040813, HU, 26.6N,  82.2W,130.0,941.0,5.0
20040813, HU, 26.9N,  82.1W,125.0,942.0,5.0
20040814, HU, 33.0N,  79.4W,70.0,992.0,20.0
20040814, HU, 33.8N,  78.7W,65.0,997.0,20.0
20040905, HU, 27.2N,  80.2W,90.0,960.0,30.0
20040829, HU, 33.0N,  79.6W,65.0,985.0,10.0
20040916, HU, 30.2N,  87.9W,105.0,946.0,25.0
20040926, HU, 27.2N,  80.2W,105.0,950.0,45.0
20050706, HU, 29.2N,  90.1W,65.0,991.0,20.0
20050710, HU, 30.4N,  87.1W,105.0,946.0,5.0
20050825, HU, 26.0N,  80.1W,70.0,984.0,15.0
20050829, HU, 29.3N,  89.6W,110.0,920.0,20.0
20050829, HU, 30.2N,  89.6W,105.0,928.0,20.0
20050924, HU, 29.7N,  93.7W,100.0,937.0,20.0
20051024, HU, 25.9N,  81.7W,105.0,950.0,25.0
20070913, HU, 29.6N,  94.3W,80.0,985.0,10.0
20080723, HU, 26.4N,  97.2W,75.0,967.0,10.0
20080723, HU, 26.4N,  97.4W,70.0,967.0,10.0
20080901, HU, 29.2N,  90.7W,90.0,954.0,25.0
20080913, HU, 29.3N,  94.7W,95.0,950.0,30.0
20110827, HU, 34.7N,  76.6W,75.0,952.0,45.0
20120829, HU, 28.9N,  89.4W,70.0,967.0,40.0
20120829, HU, 29.2N,  90.2W,70.0,966.0,40.0
20121029, HU, 38.3N,  73.2W,80.0,940.0,80.0
20140704, HU, 34.7N,  76.6W,85.0,974.0,20.0
20140704, HU, 35.8N,  75.5W,85.0,973.0,15.0
20160902, HU, 30.1N,  84.1W,70.0,981.0,20.0
20170826, HU, 28.0N,  96.9W,115.0,937.0,10.0
20170826, HU, 28.2N,  97.1W,105.0,948.0,10.0
20170910, HU, 24.7N,  81.5W,115.0,931.0,10.0
20170910, HU, 25.9N,  81.7W,100.0,936.0,15.0
20170920, HU, 18.0N,  65.9W,135.0,920.0,15.0
20171008, HU, 29.1N,  89.2W,75.0,983.0,15.0
20171008, HU, 30.4N,  89.0W,65.0,984.0,20.0
20180914, HU, 34.2N,  77.8W,80.0,956.0,25.0
20181010, HU, 30.0N,  85.5W,140.0,919.0,10.0
20190713, HU, 29.6N,  92.2W,65.0,993.0,40.0
20190828, HU, 17.8N,  64.6W,65.0,995.0,10.0
20190828, HU, 18.4N,  65.1W,70.0,993.0,15.0
20190906, HU, 35.2N,  75.6W,85.0,956.0,20.0
20200725, HU, 26.8N,  97.3W,80.0,973.0,20.0
20200725, HU, 26.7N,  97.5W,80.0,974.0,20.0
20200804, HU, 33.9N,  78.5W,80.0,986.0,25.0
20200827, HU, 29.8N,  93.3W,130.0,939.0,15.0
20200916, HU, 30.3N,  87.7W,95.0,965.0,15.0
20201009, HU, 29.8N,  93.1W,85.0,970.0,15.0
20201028, HU, 29.2N,  90.6W,100.0,970.0,20.0
20210520, EX, 30.3N,  55.5W,30.0,1015.0,70.0
20210520, EX, 31.5N,  54.5W,35.0,1013.0,70.0
20210520, EX, 33.0N,  53.0W,40.0,1012.0,70.0
20210520, EX, 34.2N,  53.8W,45.0,1010.0,90.0
20210521, EX, 34.8N,  55.0W,50.0,1008.0,90.0
20210521, EX, 35.5N,  57.0W,50.0,1006.0,90.0
20210521, EX, 35.7N,  59.3W,45.0,1005.0,90.0
20210521, EX, 35.0N,  61.1W,45.0,1005.0,80.0
20210522, EX, 34.5N,  61.8W,40.0,1006.0,70.0
20210522, SS, 34.2N,  62.1W,35.0,1006.0,60.0
20210522, SS, 34.3N,  62.7W,35.0,1006.0,40.0
20210522, SS, 34.2N,  62.4W,35.0,1006.0,20.0
20210523, TS, 34.7N,  61.8W,40.0,1005.0,15.0
20210523, TS, 35.4N,  61.1W,40.0,1004.0,15.0
20210523, TS, 36.1N,  60.3W,35.0,1005.0,15.0
20210523, LO, 36.8N,  58.7W,35.0,1006.0,20.0
20210524, LO, 37.6N,  56.7W,35.0,1007.0,20.0
20210613, LO, 31.9N,  78.1W,20.0,1008.0,60.0
20210614, LO, 32.5N,  77.1W,20.0,1007.0,40.0
20210614, TD, 33.2N,  75.9W,25.0,1006.0,40.0
20210614, TD, 34.0N,  74.5W,30.0,1005.0,35.0
20210614, TS, 34.9N,  72.8W,35.0,1003.0,35.0
20210615, TS, 36.0N,  70.8W,40.0,1000.0,35.0
20210615, TS, 37.6N,  67.8W,50.0,996.0,30.0
20210615, TS, 39.4N,  64.0W,55.0,992.0,30.0
20210615, TS, 40.9N,  60.8W,45.0,997.0,40.0
20210616, EX, 42.5N,  57.9W,35.0,1002.0,60.0
20210617, DB, 22.5N,  92.2W,25.0,1008.0,150.0
20210618, DB, 23.5N,  91.8W,30.0,1007.0,140.0
20210618, DB, 24.6N,  91.4W,35.0,1007.0,130.0
20210618, DB, 25.9N,  91.2W,35.0,1007.0,120.0
20210618, DB, 27.2N,  91.1W,40.0,1006.0,120.0
20210619, TS, 28.4N,  91.2W,40.0,1005.0,120.0
20210619, TS, 29.2N,  91.0W,40.0,1003.0,120.0
20210619, TS, 29.5N,  90.8W,40.0,1003.0,120.0
20210619, TS, 30.6N,  89.9W,35.0,1004.0,120.0
20210619, TD, 31.5N,  88.8W,30.0,1005.0,120.0
20210620, TD, 32.4N,  87.8W,25.0,1005.0,120.0
20210620, TD, 33.1N,  86.5W,25.0,1006.0,120.0
20210620, TD, 33.5N,  84.8W,25.0,1007.0,120.0
20210620, TD, 33.8N,  83.1W,25.0,1008.0,120.0
20210621, TD, 34.2N,  81.2W,30.0,1007.0,120.0
20210621, TS, 35.0N,  79.1W,40.0,1006.0,110.0
20210621, TS, 36.0N,  76.5W,40.0,1005.0,110.0
20210621, TS, 37.0N,  73.5W,40.0,1004.0,110.0
20210622, TS, 38.4N,  70.7W,40.0,1004.0,100.0
20210622, EX, 39.7N,  67.8W,40.0,1004.0,100.0
20210622, EX, 41.2N,  65.2W,40.0,1004.0,100.0
20210622, EX, 42.6N,  62.4W,40.0,1004.0,100.0
20210623, EX, 44.1N,  59.6W,35.0,1004.0,100.0
20210627, TD, 29.8N,  72.8W,30.0,1013.0,40.0
20210628, TD, 30.1N,  74.5W,30.0,1013.0,40.0
20210628, TS, 30.7N,  76.1W,35.0,1011.0,40.0
20210628, TS, 31.5N,  77.6W,35.0,1011.0,30.0
20210628, TS, 32.0N,  79.5W,40.0,1009.0,30.0
20210628, TS, 32.3N,  80.5W,35.0,1010.0,30.0
20210629, TD, 32.4N,  80.7W,30.0,1011.0,30.0
20210630, TD,  9.4N,  42.8W,30.0,1008.0,60.0
20210701, TS,  9.3N,  45.3W,35.0,1007.0,60.0
20210701, TS,  9.4N,  47.7W,35.0,1006.0,50.0
20210701, TS,  9.9N,  50.2W,40.0,1005.0,50.0
20210701, TS, 10.7N,  52.6W,45.0,1004.0,50.0
20210702, TS, 11.5N,  55.0W,50.0,1002.0,40.0
20210702, TS, 12.3N,  57.3W,55.0,1000.0,30.0
20210702, HU, 13.0N,  59.8W,65.0,995.0,20.0
20210702, HU, 13.8N,  62.4W,75.0,991.0,15.0
20210703, HU, 14.7N,  65.1W,70.0,995.0,15.0
20210703, HU, 15.7N,  67.9W,65.0,998.0,15.0
20210703, TS, 16.6N,  70.3W,60.0,1000.0,15.0
20210703, TS, 17.2N,  72.5W,60.0,1002.0,20.0
20210704, TS, 17.6N,  74.4W,55.0,1004.0,20.0
20210704, TS, 18.0N,  75.5W,55.0,1006.0,20.0
20210704, TS, 18.5N,  76.5W,50.0,1007.0,20.0
20210704, TS, 19.3N,  77.6W,50.0,1007.0,20.0
20210705, TS, 20.1N,  78.6W,55.0,1005.0,20.0
20210705, TS, 20.7N,  79.6W,55.0,1005.0,20.0
20210705, TS, 21.3N,  80.7W,55.0,1005.0,20.0
20210705, TS, 22.1N,  81.5W,55.0,1005.0,20.0
20210705, TS, 22.2N,  81.6W,55.0,1005.0,20.0
20210706, TS, 22.9N,  82.0W,50.0,1005.0,20.0
20210706, TS, 23.7N,  82.4W,50.0,1005.0,20.0
20210706, TS, 24.6N,  82.7W,55.0,1003.0,20.0
20210706, TS, 25.5N,  82.9W,60.0,997.0,20.0
20210707, HU, 26.6N,  83.2W,65.0,996.0,20.0
20210707, TS, 27.8N,  83.5W,55.0,998.0,20.0
20210707, TS, 29.1N,  83.6W,55.0,999.0,25.0
20210707, TS, 29.8N,  83.5W,55.0,1000.0,25.0
20210707, TS, 30.3N,  83.4W,45.0,1002.0,40.0
20210708, TS, 31.5N,  82.7W,45.0,1005.0,60.0
20210708, TS, 32.8N,  81.8W,40.0,1006.0,75.0
20210708, TS, 34.2N,  80.5W,40.0,1006.0,90.0
20210708, TS, 35.5N,  79.0W,45.0,1004.0,90.0
20210709, TS, 36.8N,  77.4W,45.0,1003.0,90.0
20210709, TS, 38.4N,  75.5W,50.0,1001.0,75.0
20210709, TS, 40.3N,  73.1W,50.0,999.0,70.0
20210709, TS, 40.9N,  72.3W,50.0,999.0,70.0
20210709, TS, 41.4N,  71.7W,50.0,999.0,70.0
20210709, EX, 42.0N,  71.0W,45.0,999.0,70.0
20210710, EX, 44.0N,  68.3W,40.0,997.0,70.0
20210710, EX, 46.8N,  64.4W,35.0,999.0,70.0
20210809, DB, 13.9N,  58.7W,30.0,1011.0,70.0
20210810, DB, 14.6N,  60.1W,30.0,1011.0,60.0
20210810, DB, 15.3N,  61.6W,30.0,1011.0,60.0
20210810, DB, 16.0N,  63.1W,30.0,1011.0,50.0
20210810, DB, 16.7N,  64.6W,30.0,1011.0,50.0
20210811, TS, 17.3N,  66.1W,35.0,1009.0,40.0
20210811, TS, 17.7N,  67.6W,35.0,1007.0,40.0
20210811, TS, 18.0N,  69.0W,40.0,1005.0,40.0
20210811, TS, 18.4N,  70.1W,40.0,1005.0,40.0
20210811, TS, 18.5N,  70.4W,35.0,1006.0,40.0
20210812, TD, 19.2N,  71.7W,30.0,1009.0,40.0
20210812, TD, 20.0N,  72.9W,30.0,1010.0,40.0
20210812, TD, 20.5N,  73.9W,30.0,1010.0,50.0
20210812, TD, 20.9N,  74.7W,30.0,1010.0,50.0
20210813, TS, 21.2N,  75.5W,35.0,1010.0,50.0
20210813, TS, 21.6N,  76.6W,35.0,1010.0,60.0
20210813, TD, 22.0N,  77.7W,30.0,1010.0,60.0
20210813, TD, 22.3N,  79.0W,30.0,1011.0,60.0
20210814, DB, 22.5N,  80.2W,30.0,1012.0,60.0
20210814, DB, 22.7N,  81.3W,30.0,1012.0,60.0
20210814, DB, 22.9N,  82.5W,30.0,1012.0,60.0
20210814, DB, 23.3N,  83.5W,30.0,1012.0,60.0
20210815, DB, 24.1N,  84.1W,35.0,1011.0,60.0
20210815, DB, 25.0N,  84.4W,35.0,1010.0,60.0
20210815, TS, 25.7N,  84.7W,35.0,1008.0,60.0
20210815, TS, 26.4N,  85.2W,40.0,1005.0,60.0
20210816, TS, 27.0N,  85.8W,50.0,999.0,60.0
20210816, TS, 27.8N,  85.9W,50.0,996.0,50.0
20210816, TS, 28.7N,  85.7W,50.0,993.0,40.0
20210816, TS, 29.5N,  85.4W,55.0,991.0,30.0
20210816, TS, 29.7N,  85.4W,55.0,991.0,30.0
20210817, TS, 30.6N,  85.4W,45.0,998.0,30.0
20210817, TS, 31.7N,  85.4W,35.0,1004.0,50.0
20210817, TD, 32.8N,  85.2W,25.0,1006.0,60.0
20210817, TD, 34.0N,  84.7W,25.0,1008.0,70.0
20210818, LO, 35.9N,  83.6W,25.0,1009.0,70.0
20210818, LO, 37.7N,  82.3W,20.0,1010.0,80.0
20210818, LO, 39.2N,  81.1W,20.0,1011.0,90.0
20210818, LO, 40.4N,  79.7W,20.0,1013.0,100.0
20210819, EX, 41.2N,  78.2W,20.0,1012.0,100.0
20210819, EX, 41.9N,  76.7W,20.0,1011.0,100.0
20210819, EX, 42.4N,  75.1W,20.0,1011.0,100.0
20210819, EX, 42.7N,  73.5W,25.0,1010.0,100.0
20210820, EX, 42.7N,  72.2W,25.0,1009.0,100.0
20210820, EX, 42.6N,  71.0W,25.0,1008.0,100.0
20210813, TD, 15.0N,  46.7W,30.0,1010.0,20.0
20210813, TD, 15.2N,  48.7W,30.0,1010.0,20.0
20210813, TD, 15.3N,  50.8W,30.0,1010.0,20.0
20210814, TD, 15.4N,  52.8W,30.0,1010.0,20.0
20210814, TD, 15.7N,  54.8W,30.0,1010.0,20.0
20210814, TS, 16.1N,  57.2W,35.0,1009.0,30.0
20210814, TS, 16.2N,  59.5W,35.0,1009.0,30.0
20210815, TD, 16.5N,  61.7W,30.0,1010.0,40.0
20210815, TD, 16.7N,  63.7W,30.0,1010.0,40.0
20210815, TD, 16.9N,  65.4W,30.0,1010.0,40.0
20210815, TD, 17.0N,  66.7W,30.0,1011.0,40.0
20210816, TD, 17.1N,  68.1W,30.0,1011.0,30.0
20210816, TD, 17.2N,  69.6W,30.0,1010.0,30.0
20210816, TS, 17.5N,  70.8W,35.0,1007.0,20.0
20210816, TS, 17.7N,  71.4W,35.0,1007.0,20.0
20210816, TS, 17.8N,  71.7W,35.0,1007.0,20.0
20210817, TS, 17.9N,  73.2W,35.0,1006.0,20.0
20210817, TS, 18.0N,  74.8W,40.0,1006.0,25.0
20210817, TS, 18.2N,  76.1W,45.0,1005.0,25.0
20210817, TS, 18.2N,  76.6W,50.0,1004.0,30.0
20210817, TS, 18.3N,  77.4W,50.0,1003.0,30.0
20210818, TS, 18.3N,  78.6W,50.0,1000.0,30.0
20210818, TS, 18.7N,  80.1W,55.0,998.0,30.0
20210818, HU, 19.2N,  81.5W,65.0,993.0,20.0
20210818, HU, 19.6N,  83.0W,70.0,990.0,20.0
20210819, HU, 19.7N,  84.8W,70.0,988.0,20.0
20210819, HU, 19.9N,  86.4W,70.0,985.0,20.0
20210819, HU, 20.1N,  87.5W,75.0,978.0,20.0
20210819, TS, 20.2N,  88.1W,60.0,994.0,25.0
20210819, TS, 20.5N,  89.5W,45.0,998.0,25.0
20210820, TS, 20.8N,  91.1W,55.0,994.0,20.0
20210820, TS, 20.7N,  92.6W,60.0,991.0,20.0
20210820, HU, 20.6N,  93.8W,75.0,982.0,20.0
20210820, HU, 20.6N,  94.7W,85.0,975.0,20.0
20210821, HU, 20.7N,  95.8W,105.0,967.0,15.0
20210821, HU, 20.6N,  97.1W,105.0,967.0,15.0
20210821, HU, 20.6N,  97.2W,100.0,969.0,15.0
20210821, TS, 20.2N,  98.0W,60.0,988.0,20.0
20210815, LO, 35.8N,  63.4W,25.0,1014.0,30.0
20210815, LO, 35.4N,  63.1W,25.0,1012.0,20.0
20210815, LO, 34.8N,  62.8W,25.0,1012.0,20.0
20210815, TD, 34.1N,  62.7W,25.0,1011.0,20.0
20210816, TD, 33.4N,  62.7W,30.0,1010.0,25.0
20210816, TD, 32.5N,  62.7W,30.0,1010.0,25.0
20210816, TD, 31.6N,  62.7W,30.0,1010.0,25.0
20210816, TS, 31.1N,  62.9W,35.0,1009.0,25.0
20210817, TS, 30.8N,  63.1W,40.0,1008.0,25.0
20210817, TS, 30.6N,  63.3W,45.0,1004.0,25.0
20210817, TS, 30.4N,  63.6W,45.0,1004.0,25.0
20210817, TS, 30.3N,  63.9W,55.0,1000.0,25.0
20210818, TS, 30.2N,  64.5W,55.0,998.0,20.0
20210818, TS, 30.1N,  65.3W,55.0,998.0,20.0
20210818, TS, 30.0N,  66.2W,55.0,998.0,20.0
20210818, TS, 29.9N,  67.1W,60.0,995.0,20.0
20210819, TS, 29.7N,  68.0W,60.0,995.0,25.0
20210819, TS, 29.5N,  69.0W,60.0,995.0,25.0
20210819, TS, 29.5N,  70.0W,60.0,995.0,25.0
20210819, TS, 29.6N,  71.0W,55.0,999.0,25.0
20210820, TS, 29.7N,  72.0W,55.0,997.0,30.0
20210820, TS, 29.9N,  72.9W,55.0,995.0,30.0
20210820, TS, 30.1N,  73.6W,55.0,995.0,30.0
20210820, TS, 30.8N,  73.8W,60.0,994.0,30.0
20210821, TS, 31.6N,  73.7W,60.0,993.0,30.0
20210821, TS, 32.5N,  73.4W,60.0,993.0,30.0
20210821, HU, 33.6N,  72.7W,65.0,991.0,30.0
20210821, HU, 35.4N,  71.8W,65.0,990.0,30.0
20210822, HU, 37.6N,  70.9W,65.0,988.0,25.0
20210822, HU, 39.4N,  71.0W,65.0,986.0,25.0
20210822, TS, 40.7N,  71.3W,55.0,986.0,25.0
20210822, TS, 41.2N,  71.6W,55.0,987.0,25.0
20210822, TS, 41.3N,  71.8W,55.0,988.0,25.0
20210822, TS, 41.5N,  72.0W,40.0,991.0,25.0
20210823, TD, 41.8N,  73.0W,30.0,1000.0,30.0
20210823, TD, 41.7N,  74.4W,25.0,1005.0,30.0
20210823, TD, 41.6N,  74.2W,25.0,1005.0,30.0
20210823, LO, 41.5N,  73.8W,25.0,1005.0,30.0
20210824, LO, 41.4N,  72.7W,20.0,1006.0,30.0
20210824, LO, 41.9N,  71.2W,20.0,1006.0,30.0
20210824, LO, 42.2N,  69.6W,20.0,1007.0,30.0
20210824, LO, 42.3N,  67.3W,25.0,1008.0,30.0
20210826, TD, 16.5N,  78.9W,30.0,1006.0,60.0
20210826, TS, 17.4N,  79.5W,35.0,1006.0,50.0
20210827, TS, 18.3N,  80.2W,40.0,1004.0,50.0
20210827, TS, 19.4N,  80.9W,45.0,1002.0,40.0
20210827, TS, 20.4N,  81.7W,55.0,996.0,30.0
20210827, HU, 21.5N,  82.6W,70.0,987.0,20.0
20210827, HU, 22.4N,  83.2W,70.0,988.0,20.0
20210828, HU, 22.6N,  83.5W,70.0,989.0,20.0
20210828, HU, 23.5N,  84.7W,70.0,987.0,20.0
20210828, HU, 24.4N,  85.7W,70.0,986.0,20.0
20210828, HU, 25.6N,  86.6W,80.0,976.0,20.0
20210829, HU, 26.7N,  87.6W,90.0,967.0,20.0
20210829, HU, 27.6N,  88.7W,115.0,950.0,15.0
20210829, HU, 28.5N,  89.6W,130.0,929.0,10.0
20210829, HU, 29.1N,  90.2W,130.0,931.0,10.0
20210829, HU, 29.2N,  90.4W,125.0,932.0,10.0
20210830, HU, 29.9N,  90.6W,105.0,944.0,10.0
20210830, HU, 30.6N,  90.8W,65.0,978.0,30.0
20210830, TS, 31.5N,  90.9W,40.0,992.0,40.0
20210830, TS, 32.2N,  90.5W,35.0,996.0,80.0
20210831, TD, 33.0N,  90.0W,30.0,996.0,250.0
20210831, TD, 33.8N,  89.4W,25.0,996.0,210.0
20210831, TD, 34.4N,  88.4W,25.0,996.0,250.0
20210831, TD, 35.1N,  87.1W,20.0,999.0,250.0
20210901, TD, 35.8N,  85.5W,20.0,1000.0,270.0
20210901, TD, 36.7N,  83.6W,20.0,1000.0,270.0
20210901, EX, 37.7N,  81.5W,25.0,1000.0,300.0
20210901, EX, 39.0N,  78.5W,30.0,999.0,210.0
20210902, EX, 39.8N,  75.6W,35.0,997.0,150.0
20210902, EX, 40.6N,  72.8W,40.0,997.0,150.0
20210902, EX, 41.4N,  69.7W,40.0,997.0,150.0
20210902, EX, 43.3N,  67.2W,40.0,996.0,150.0
20210903, EX, 45.4N,  64.7W,40.0,995.0,150.0
20210903, EX, 46.6N,  63.6W,45.0,992.0,120.0
20210903, EX, 47.5N,  62.7W,45.0,991.0,90.0
20210903, EX, 48.6N,  62.4W,45.0,992.0,90.0
20210904, EX, 48.8N,  63.1W,45.0,992.0,90.0
20210904, EX, 48.7N,  63.9W,40.0,992.0,90.0
20210904, EX, 47.6N,  63.9W,35.0,996.0,90.0
20210904, EX, 46.6N,  63.5W,30.0,999.0,90.0
20210827, LO, 13.1N,  47.3W,25.0,1009.0,70.0
20210827, LO, 13.3N,  48.4W,25.0,1009.0,60.0
20210828, LO, 13.5N,  49.5W,25.0,1009.0,50.0
20210828, TD, 13.7N,  49.8W,30.0,1008.0,40.0
20210828, TD, 14.5N,  50.0W,30.0,1008.0,40.0
20210828, TD, 15.2N,  50.0W,30.0,1008.0,40.0
20210829, TD, 16.2N,  49.9W,30.0,1008.0,40.0
20210829, TD, 17.3N,  50.0W,30.0,1008.0,35.0
20210829, TD, 18.4N,  50.2W,30.0,1008.0,35.0
20210829, TD, 19.2N,  50.3W,30.0,1008.0,35.0
20210830, TD, 19.8N,  50.5W,30.0,1008.0,30.0
20210830, TS, 20.5N,  50.6W,35.0,1006.0,30.0
20210830, TS, 21.3N,  50.8W,40.0,1004.0,25.0
20210830, TS, 22.1N,  50.9W,35.0,1006.0,30.0
20210831, TS, 22.6N,  50.9W,35.0,1006.0,35.0
20210831, TS, 22.8N,  50.9W,35.0,1006.0,40.0
20210831, TD, 23.2N,  50.9W,30.0,1007.0,40.0
20210831, TD, 23.9N,  50.9W,30.0,1007.0,40.0
20210901, TD, 24.6N,  51.2W,30.0,1007.0,40.0
20210901, TD, 25.3N,  51.5W,30.0,1008.0,45.0
20210901, TD, 26.6N,  52.3W,30.0,1009.0,45.0
20210828, LO, 32.1N,  51.7W,25.0,1010.0,50.0
20210828, TD, 32.2N,  51.0W,30.0,1008.0,50.0
20210829, TD, 32.6N,  50.1W,30.0,1006.0,50.0
20210829, TS, 33.5N,  49.3W,35.0,1003.0,40.0
20210829, TS, 34.5N,  47.8W,45.0,997.0,30.0
20210829, TS, 35.9N,  45.7W,50.0,995.0,25.0
20210830, TS, 37.1N,  42.6W,50.0,994.0,20.0
20210830, TS, 38.9N,  40.0W,50.0,993.0,20.0
20210830, EX, 40.6N,  37.9W,50.0,993.0,25.0
20210830, EX, 42.5N,  36.0W,45.0,995.0,30.0
20210831, EX, 44.8N,  35.1W,45.0,997.0,40.0
20210831, EX, 47.5N,  34.5W,45.0,999.0,60.0
20210831, EX, 50.5N,  35.5W,45.0,1000.0,70.0
20210831, TD, 11.5N,  20.6W,30.0,1006.0,50.0
20210901, TS, 11.9N,  22.5W,35.0,1005.0,45.0
20210901, TS, 12.2N,  24.5W,40.0,1004.0,40.0
20210901, TS, 12.4N,  26.5W,45.0,1003.0,30.0
20210901, TS, 12.5N,  28.4W,55.0,999.0,20.0
20210902, TS, 12.7N,  30.0W,60.0,996.0,20.0
20210902, HU, 13.0N,  31.6W,65.0,991.0,15.0
20210902, HU, 13.3N,  33.3W,70.0,987.0,15.0
20210902, HU, 13.6N,  35.0W,70.0,987.0,20.0
20210903, HU, 13.9N,  36.7W,75.0,985.0,20.0
20210903, HU, 14.1N,  38.4W,80.0,983.0,20.0
20210903, HU, 14.4N,  40.0W,80.0,980.0,20.0
20210903, HU, 14.7N,  41.4W,90.0,973.0,20.0
20210904, HU, 15.2N,  42.7W,100.0,964.0,20.0
20210904, HU, 15.8N,  44.0W,110.0,956.0,20.0
20210904, HU, 16.4N,  45.3W,110.0,956.0,25.0
20210904, HU, 17.0N,  46.5W,105.0,958.0,30.0
20210905, HU, 17.7N,  47.5W,105.0,958.0,30.0
20210905, HU, 18.4N,  48.5W,105.0,958.0,30.0
20210905, HU, 19.2N,  49.4W,110.0,953.0,30.0
20210905, HU, 20.0N,  50.3W,110.0,953.0,30.0
20210906, HU, 20.7N,  51.2W,110.0,953.0,40.0
20210906, HU, 21.2N,  52.0W,105.0,956.0,40.0
20210906, HU, 21.6N,  52.7W,105.0,956.0,40.0
20210906, HU, 22.1N,  53.5W,105.0,956.0,40.0
20210907, HU, 22.7N,  54.2W,105.0,956.0,40.0
20210907, HU, 23.3N,  54.8W,100.0,960.0,40.0
20210907, HU, 24.0N,  55.4W,95.0,963.0,40.0
20210907, HU, 24.7N,  56.0W,95.0,965.0,40.0
20210908, HU, 25.4N,  56.5W,95.0,966.0,40.0
20210908, HU, 26.2N,  57.1W,95.0,966.0,50.0
20210908, HU, 27.2N,  57.9W,90.0,966.0,50.0
20210908, HU, 28.2N,  58.9W,90.0,967.0,60.0
20210909, HU, 29.1N,  59.9W,85.0,968.0,60.0
20210909, HU, 30.1N,  60.8W,80.0,968.0,60.0
20210909, HU, 31.3N,  61.5W,80.0,966.0,60.0
20210909, HU, 32.8N,  62.1W,80.0,966.0,60.0
20210910, HU, 34.4N,  62.3W,80.0,966.0,60.0
20210910, HU, 36.5N,  62.2W,75.0,964.0,60.0
20210910, HU, 38.9N,  61.1W,70.0,961.0,60.0
20210910, HU, 41.9N,  59.5W,70.0,958.0,70.0
20210911, HU, 45.1N,  56.6W,70.0,958.0,70.0
20210911, HU, 47.3N,  54.6W,70.0,958.0,70.0
20210911, HU, 48.8N,  53.3W,65.0,959.0,70.0
20210911, EX, 52.5N,  49.7W,60.0,963.0,70.0
20210911, EX, 55.3N,  46.8W,55.0,967.0,70.0
20210908, TS, 28.4N,  86.8W,35.0,1006.0,30.0
20210909, TS, 29.5N,  85.4W,45.0,1001.0,30.0
20210909, TS, 29.7N,  85.1W,50.0,1000.0,30.0
20210909, TS, 30.5N,  83.9W,35.0,1001.0,30.0
20210909, TD, 31.2N,  81.8W,30.0,1005.0,40.0
20210909, TD, 31.7N,  79.4W,30.0,1005.0,40.0
20210910, LO, 32.1N,  76.8W,30.0,1005.0,40.0
20210910, LO, 32.6N,  74.0W,30.0,1005.0,40.0
20210910, LO, 33.2N,  71.8W,30.0,1005.0,40.0
20210910, LO, 33.7N,  69.8W,30.0,1006.0,40.0
20210912, TS, 21.0N,  95.2W,35.0,1008.0,80.0
20210912, TS, 22.4N,  95.6W,35.0,1008.0,80.0
20210913, TS, 23.7N,  96.1W,40.0,1007.0,50.0
20210913, TS, 24.8N,  96.5W,50.0,1001.0,30.0
20210913, TS, 25.9N,  96.7W,50.0,1000.0,30.0
20210913, TS, 27.0N,  96.6W,55.0,998.0,30.0
20210914, HU, 28.0N,  96.2W,65.0,988.0,25.0
20210914, HU, 28.7N,  95.7W,65.0,991.0,20.0
20210914, HU, 28.8N,  95.7W,65.0,991.0,20.0
20210914, TS, 29.3N,  95.4W,50.0,999.0,50.0
20210914, TS, 29.6N,  94.9W,35.0,1003.0,80.0
20210915, TD, 29.9N,  94.4W,30.0,1003.0,80.0
20210915, TD, 30.2N,  93.8W,30.0,1004.0,100.0
20210915, TD, 30.3N,  93.1W,25.0,1006.0,100.0
20210915, LO, 30.2N,  92.4W,25.0,1006.0,100.0
20210916, LO, 29.9N,  91.8W,25.0,1006.0,100.0
20210916, LO, 29.3N,  91.6W,20.0,1007.0,100.0
20210916, LO, 29.7N,  91.7W,20.0,1007.0,100.0
20210916, LO, 29.9N,  92.2W,20.0,1009.0,100.0
20210917, LO, 30.3N,  92.6W,15.0,1009.0,100.0
20210917, LO, 30.8N,  93.0W,15.0,1010.0,100.0
20210916, LO, 30.4N,  74.3W,30.0,1011.0,120.0
20210916, LO, 31.4N,  74.8W,30.0,1011.0,120.0
20210916, LO, 32.3N,  75.2W,30.0,1011.0,120.0
20210917, LO, 33.3N,  75.3W,30.0,1011.0,120.0
20210917, LO, 34.1N,  74.9W,30.0,1011.0,120.0
20210917, LO, 35.0N,  73.9W,30.0,1011.0,100.0
20210917, TS, 35.9N,  72.7W,35.0,1010.0,80.0
20210918, TS, 36.8N,  71.4W,40.0,1008.0,90.0
20210918, TS, 37.6N,  70.1W,40.0,1005.0,90.0
20210918, EX, 38.3N,  68.3W,40.0,1002.0,90.0
20210918, EX, 38.7N,  66.2W,40.0,1001.0,120.0
20210919, EX, 39.2N,  64.1W,45.0,999.0,120.0
20210919, EX, 39.9N,  61.9W,45.0,997.0,120.0
20210919, EX, 41.1N,  59.4W,45.0,995.0,110.0
20210919, EX, 42.7N,  56.6W,50.0,992.0,90.0
20210920, EX, 44.1N,  54.1W,55.0,989.0,70.0
20210920, EX, 45.0N,  51.6W,55.0,989.0,70.0
20210920, EX, 44.7N,  49.7W,50.0,990.0,70.0
20210920, EX, 44.2N,  48.1W,50.0,993.0,60.0
20210921, EX, 43.2N,  46.6W,50.0,993.0,60.0
20210921, EX, 41.8N,  45.4W,50.0,995.0,60.0
20210921, EX, 40.4N,  43.8W,45.0,997.0,60.0
20210921, EX, 39.9N,  41.9W,45.0,997.0,60.0
20210922, EX, 40.2N,  40.1W,45.0,998.0,60.0
20210922, EX, 41.3N,  39.9W,45.0,999.0,60.0
20210922, EX, 42.4N,  40.2W,45.0,999.0,60.0
20210922, EX, 43.5N,  40.8W,40.0,1000.0,60.0
20210923, EX, 44.1N,  41.2W,40.0,1000.0,60.0
20210923, EX, 44.2N,  41.8W,40.0,1000.0,60.0
20210923, EX, 44.1N,  42.4W,40.0,1000.0,60.0
20210923, EX, 43.8N,  42.0W,35.0,1000.0,60.0
20210924, EX, 44.1N,  41.4W,35.0,1001.0,60.0
20210924, EX, 44.1N,  41.0W,35.0,1001.0,60.0
20210924, EX, 43.6N,  40.5W,35.0,1002.0,60.0
20210924, LO, 42.7N,  40.0W,35.0,1003.0,60.0
20210925, LO, 41.6N,  39.4W,35.0,1004.0,60.0
20210925, LO, 40.3N,  38.7W,35.0,1005.0,60.0
20210925, LO, 38.9N,  38.0W,35.0,1006.0,60.0
20210925, LO, 37.3N,  38.1W,35.0,1007.0,60.0
20210926, LO, 35.8N,  38.6W,35.0,1008.0,60.0
20210926, LO, 34.4N,  39.5W,30.0,1009.0,60.0
20210926, LO, 32.9N,  40.5W,30.0,1010.0,60.0
20210926, LO, 31.5N,  41.4W,30.0,1010.0,60.0
20210919, TD, 16.4N,  52.7W,30.0,1007.0,40.0
20210919, TS, 16.8N,  54.4W,35.0,1006.0,40.0
20210919, TS, 17.3N,  55.8W,40.0,1006.0,40.0
20210919, TS, 17.9N,  57.0W,45.0,1005.0,50.0
20210920, TS, 18.4N,  58.0W,45.0,1005.0,50.0
20210920, TS, 18.8N,  59.0W,45.0,1005.0,60.0
20210920, TS, 19.2N,  60.1W,45.0,1006.0,60.0
20210920, TS, 19.5N,  61.2W,45.0,1007.0,60.0
20210921, TS, 19.6N,  62.3W,45.0,1007.0,60.0
20210921, TS, 19.6N,  63.2W,40.0,1007.0,60.0
20210921, TS, 19.8N,  64.0W,35.0,1008.0,60.0
20210921, TD, 20.2N,  64.6W,30.0,1008.0,70.0
20210922, TD, 20.6N,  65.2W,30.0,1008.0,70.0
20210922, TD, 21.0N,  65.8W,30.0,1008.0,70.0
20210922, TD, 21.4N,  66.4W,30.0,1008.0,70.0
20210922, TD, 21.7N,  66.9W,30.0,1008.0,70.0
20210919, TD, 10.4N,  27.4W,30.0,1008.0,30.0
20210919, TD, 11.3N,  27.8W,30.0,1008.0,30.0
20210919, TD, 12.6N,  28.4W,30.0,1008.0,30.0
20210919, TS, 13.8N,  29.4W,35.0,1007.0,25.0
20210920, TS, 14.7N,  30.6W,35.0,1007.0,25.0
20210920, TS, 15.6N,  31.8W,35.0,1007.0,25.0
20210920, TS, 16.7N,  32.9W,35.0,1007.0,25.0
20210920, TS, 17.7N,  34.1W,40.0,1006.0,25.0
20210921, TS, 18.8N,  35.3W,50.0,1004.0,30.0
20210921, TS, 20.0N,  36.1W,40.0,1006.0,50.0
20210921, TS, 21.1N,  36.7W,35.0,1007.0,70.0
20210921, TS, 22.1N,  37.3W,35.0,1007.0,70.0
20210922, TS, 22.7N,  37.7W,35.0,1008.0,80.0
20210922, TD, 23.1N,  38.1W,30.0,1009.0,80.0
20210922, LO, 23.4N,  38.8W,30.0,1009.0,80.0
20210922, LO, 23.8N,  39.7W,30.0,1010.0,80.0
20210923, LO, 24.2N,  40.6W,30.0,1010.0,90.0
20210923, LO, 25.0N,  41.4W,30.0,1010.0,90.0
20210923, LO, 26.0N,  41.9W,25.0,1010.0,90.0
20210923, LO, 27.0N,  42.0W,25.0,1010.0,90.0
20210924, LO, 27.8N,  42.0W,25.0,1010.0,90.0
20210924, LO, 28.3N,  41.7W,25.0,1010.0,90.0
20210922, TD, 10.0N,  33.1W,30.0,1008.0,40.0
20210923, TD, 10.2N,  34.4W,30.0,1008.0,40.0
20210923, TS, 10.4N,  36.0W,35.0,1006.0,30.0
20210923, TS, 10.7N,  37.6W,45.0,1003.0,30.0
20210923, TS, 10.9N,  39.0W,50.0,1000.0,20.0
20210924, TS, 11.1N,  40.3W,60.0,997.0,15.0
20210924, HU, 11.4N,  41.6W,65.0,993.0,15.0
20210924, HU, 11.6N,  43.0W,65.0,993.0,15.0
20210924, HU, 11.9N,  44.3W,70.0,989.0,15.0
20210925, HU, 12.3N,  45.4W,85.0,982.0,10.0
20210925, HU, 12.6N,  46.3W,95.0,973.0,10.0
20210925, HU, 12.8N,  47.2W,105.0,960.0,10.0
20210925, HU, 13.1N,  48.1W,115.0,950.0,10.0
20210926, HU, 13.4N,  48.8W,130.0,943.0,10.0
20210926, HU, 13.6N,  49.4W,130.0,943.0,10.0
20210926, HU, 13.8N,  50.0W,130.0,939.0,10.0
20210926, HU, 14.1N,  50.3W,135.0,927.0,5.0
20210927, HU, 14.5N,  50.6W,130.0,940.0,10.0
20210927, HU, 15.0N,  51.1W,115.0,948.0,10.0
20210927, HU, 15.4N,  51.7W,105.0,955.0,10.0
20210927, HU, 15.9N,  52.3W,105.0,958.0,10.0
20210928, HU, 16.5N,  52.9W,105.0,955.0,15.0
20210928, HU, 16.9N,  53.5W,115.0,952.0,15.0
20210928, HU, 17.3N,  54.1W,115.0,952.0,15.0
20210928, HU, 17.7N,  54.7W,115.0,947.0,15.0
20210929, HU, 18.1N,  55.3W,115.0,947.0,15.0
20210929, HU, 18.6N,  55.9W,115.0,952.0,15.0
20210929, HU, 19.1N,  56.6W,115.0,952.0,15.0
20210929, HU, 19.7N,  57.3W,115.0,945.0,15.0
20210930, HU, 20.3N,  58.0W,125.0,940.0,15.0
20210930, HU, 21.0N,  58.8W,125.0,937.0,15.0
20210930, HU, 22.0N,  59.6W,125.0,937.0,15.0
20210930, HU, 23.0N,  60.4W,125.0,941.0,15.0
20211001, HU, 24.3N,  61.0W,125.0,938.0,15.0
20211001, HU, 25.8N,  61.6W,130.0,936.0,15.0
20211001, HU, 27.4N,  61.9W,130.0,936.0,15.0
20211001, HU, 29.2N,  61.9W,130.0,937.0,20.0
20211002, HU, 30.8N,  61.5W,125.0,940.0,20.0
20211002, HU, 32.1N,  61.0W,120.0,945.0,20.0
20211002, HU, 33.4N,  60.1W,115.0,948.0,20.0
20211002, HU, 34.7N,  59.1W,110.0,950.0,20.0
20211003, HU, 35.8N,  57.9W,100.0,954.0,20.0
20211003, HU, 36.7N,  56.6W,90.0,960.0,20.0
20211003, HU, 37.3N,  55.4W,85.0,964.0,20.0
20211003, HU, 38.0N,  53.9W,85.0,964.0,20.0
20211004, HU, 38.7N,  52.2W,90.0,957.0,20.0
20211004, HU, 39.9N,  49.9W,90.0,957.0,20.0
20211004, HU, 41.4N,  47.1W,85.0,960.0,20.0
20211004, HU, 43.8N,  43.6W,80.0,965.0,40.0
20211005, HU, 46.5N,  40.5W,75.0,965.0,40.0
20211005, EX, 49.4N,  39.7W,70.0,965.0,40.0
20211005, EX, 52.2N,  39.6W,65.0,966.0,40.0
20211005, EX, 50.6N,  42.1W,65.0,966.0,40.0
20211006, EX, 49.9N,  38.9W,60.0,967.0,40.0
20211006, EX, 50.5N,  35.5W,55.0,968.0,40.0
20211006, EX, 51.5N,  32.4W,50.0,969.0,40.0
20211006, EX, 53.1N,  29.0W,45.0,971.0,40.0
20211007, EX, 55.2N,  25.4W,45.0,973.0,60.0
20211007, EX, 58.1N,  22.3W,40.0,976.0,80.0
20210924, SD, 31.4N,  62.0W,30.0,1011.0,80.0
20210924, SS, 32.8N,  62.9W,35.0,1010.0,80.0
20210924, SS, 33.6N,  64.1W,40.0,1008.0,80.0
20210925, SS, 34.1N,  65.0W,40.0,1008.0,80.0
20210925, SS, 34.3N,  65.5W,35.0,1009.0,90.0
20210925, SD, 34.3N,  65.2W,30.0,1010.0,90.0
20210925, LO, 34.3N,  64.5W,30.0,1010.0,100.0
20210926, LO, 34.7N,  63.9W,30.0,1010.0,100.0
20210926, LO, 35.2N,  63.2W,30.0,1010.0,100.0
20210926, LO, 35.6N,  61.8W,25.0,1011.0,100.0
20210929, LO,  7.0N,  22.0W,30.0,1008.0,50.0
20210929, LO,  7.4N,  23.0W,30.0,1007.0,50.0
20210929, TD,  7.8N,  24.1W,30.0,1006.0,50.0
20210929, TS,  8.1N,  25.1W,35.0,1005.0,40.0
20210930, TS,  8.3N,  26.0W,35.0,1005.0,40.0
20210930, TS,  8.7N,  27.1W,40.0,1004.0,40.0
20210930, TS,  9.2N,  28.4W,40.0,1003.0,40.0
20210930, TS,  9.8N,  29.5W,45.0,1001.0,40.0
20211001, TS, 10.5N,  30.6W,50.0,999.0,40.0
20211001, TS, 11.0N,  31.8W,50.0,998.0,40.0
20211001, TS, 11.4N,  33.0W,55.0,997.0,40.0
20211001, TS, 11.8N,  33.9W,55.0,997.0,45.0
20211002, TS, 12.1N,  34.9W,50.0,999.0,50.0
20211002, TS, 12.5N,  35.8W,45.0,1001.0,50.0
20211002, TS, 12.7N,  36.7W,35.0,1005.0,60.0
20211002, TD, 13.5N,  37.7W,30.0,1007.0,60.0
20211003, TD, 14.4N,  38.4W,30.0,1007.0,60.0
20211003, TD, 15.1N,  39.2W,30.0,1007.0,60.0
20211003, TD, 15.7N,  40.0W,30.0,1007.0,60.0
20211003, TD, 16.5N,  41.0W,30.0,1007.0,70.0
20211004, TD, 17.2N,  42.1W,30.0,1007.0,70.0
20211004, TD, 17.8N,  43.1W,25.0,1009.0,70.0
20211025, EX, 32.5N,  76.3W,35.0,1006.0,40.0
20211026, EX, 34.2N,  74.1W,45.0,1002.0,60.0
20211026, EX, 35.9N,  71.3W,45.0,996.0,60.0
20211026, EX, 37.7N,  69.1W,50.0,992.0,60.0
20211026, EX, 39.5N,  68.2W,55.0,984.0,70.0
20211027, EX, 40.8N,  67.6W,60.0,979.0,80.0
20211027, EX, 41.4N,  69.4W,60.0,973.0,90.0
20211027, EX, 39.9N,  70.1W,55.0,976.0,100.0
20211027, EX, 38.7N,  68.5W,50.0,980.0,100.0
20211028, EX, 39.0N,  65.9W,45.0,981.0,200.0
20211028, EX, 39.4N,  63.9W,45.0,982.0,200.0
20211028, EX, 39.8N,  61.9W,45.0,982.0,200.0
20211028, EX, 40.2N,  59.8W,45.0,982.0,180.0
20211029, EX, 40.6N,  58.1W,45.0,982.0,150.0
20211029, EX, 40.7N,  56.8W,45.0,982.0,150.0
20211029, EX, 40.6N,  55.5W,45.0,981.0,150.0
20211029, EX, 40.4N,  54.0W,45.0,981.0,100.0
20211030, EX, 40.1N,  52.4W,45.0,982.0,60.0
20211030, EX, 39.4N,  51.2W,40.0,984.0,60.0
20211030, SS, 38.5N,  49.6W,40.0,986.0,60.0
20211030, SS, 37.5N,  47.8W,40.0,988.0,50.0
20211031, SS, 36.5N,  46.0W,45.0,987.0,40.0
20211031, SS, 36.6N,  44.2W,50.0,985.0,40.0
20211031, SS, 36.5N,  43.4W,50.0,983.0,40.0
20211031, SS, 36.4N,  43.5W,50.0,985.0,40.0
20211101, SS, 35.8N,  44.0W,45.0,989.0,35.0
20211101, SS, 34.8N,  44.2W,40.0,991.0,35.0
20211101, TS, 34.1N,  43.4W,40.0,993.0,35.0
20211101, TS, 34.1N,  42.6W,35.0,997.0,35.0
20211102, TS, 34.4N,  41.9W,35.0,997.0,35.0
20211102, TS, 34.9N,  41.3W,40.0,996.0,30.0
20211102, TS, 35.5N,  40.7W,40.0,996.0,25.0
20211102, TS, 36.2N,  40.5W,40.0,996.0,25.0
20211103, TS, 36.9N,  40.4W,40.0,996.0,25.0
20211103, TS, 37.6N,  40.2W,40.0,995.0,25.0
20211103, TS, 38.4N,  39.9W,40.0,994.0,30.0
20211103, TS, 39.3N,  39.7W,45.0,992.0,30.0
20211104, TS, 40.2N,  39.7W,45.0,992.0,35.0
20211104, TS, 41.0N,  39.7W,45.0,992.0,35.0
20211104, TS, 41.7N,  39.7W,40.0,994.0,35.0
20211104, TS, 42.1N,  39.6W,40.0,994.0,35.0
20211105, TS, 42.3N,  39.0W,45.0,992.0,40.0
20211105, TS, 42.0N,  38.3W,45.0,992.0,40.0
20211105, TS, 41.1N,  37.8W,45.0,993.0,40.0
20211105, TS, 39.6N,  37.5W,45.0,996.0,40.0
20211106, TS, 38.4N,  38.0W,45.0,999.0,40.0
20211106, TS, 37.6N,  38.3W,45.0,1000.0,35.0
20211106, TS, 37.2N,  38.4W,40.0,1001.0,35.0
20211106, TS, 37.1N,  38.0W,35.0,1002.0,35.0
20211107, TS, 37.4N,  37.4W,35.0,1003.0,40.0
20211107, TS, 38.1N,  36.4W,35.0,1004.0,45.0
20211107, LO, 39.2N,  34.9W,35.0,1006.0,50.0
20211107, LO, 40.9N,  32.8W,40.0,1006.0,50.0
20211108, LO, 43.2N,  29.7W,40.0,1006.0,40.0
20220602, DB, 21.3N,  87.5W,30.0,1004.0,80.0
20220603, DB, 21.6N,  87.3W,30.0,1003.0,80.0
20220603, DB, 21.9N,  87.1W,35.0,1003.0,80.0
20220603, DB, 22.2N,  86.9W,35.0,1003.0,120.0
20220603, DB, 22.8N,  86.3W,35.0,1003.0,180.0
20220604, DB, 23.9N,  85.1W,35.0,1003.0,180.0
20220604, DB, 25.0N,  83.7W,35.0,1003.0,180.0
20220604, DB, 26.2N,  82.0W,35.0,1002.0,150.0
20220604, DB, 27.2N,  80.4W,40.0,1001.0,120.0
20220605, TS, 28.0N,  78.8W,40.0,999.0,90.0
20220605, TS, 28.8N,  77.2W,45.0,995.0,80.0
20220605, TS, 29.9N,  75.0W,50.0,993.0,80.0
20220605, TS, 31.0N,  72.5W,60.0,985.0,60.0
20220606, TS, 32.1N,  70.2W,60.0,984.0,50.0
20220606, TS, 33.0N,  67.8W,55.0,987.0,50.0
20220606, LO, 33.8N,  65.2W,55.0,992.0,50.0
20220606, LO, 34.7N,  62.2W,50.0,994.0,50.0
20220627, DB,  8.3N,  50.5W,35.0,1009.0,120.0
20220628, DB,  8.7N,  52.2W,35.0,1009.0,120.0
20220628, DB,  9.1N,  54.2W,35.0,1009.0,120.0
20220628, DB,  9.6N,  56.5W,35.0,1009.0,110.0
20220628, DB, 10.2N,  58.9W,35.0,1009.0,100.0
20220629, DB, 10.7N,  61.6W,35.0,1009.0,90.0
20220629, DB, 11.1N,  64.0W,35.0,1009.0,80.0
20220629, DB, 11.4N,  66.2W,35.0,1009.0,80.0
20220629, DB, 11.7N,  68.0W,35.0,1009.0,80.0
20220630, DB, 11.9N,  69.7W,35.0,1009.0,80.0
20220630, DB, 12.0N,  71.4W,35.0,1009.0,70.0
20220630, DB, 12.0N,  73.1W,35.0,1008.0,60.0
20220630, DB, 12.0N,  74.9W,35.0,1007.0,60.0
20220701, DB, 11.9N,  76.7W,35.0,1005.0,50.0
20220701, TS, 11.6N,  78.5W,35.0,1005.0,50.0
20220701, TS, 11.3N,  80.2W,35.0,1005.0,40.0
20220701, TS, 11.2N,  81.8W,40.0,1004.0,30.0
20220702, TS, 10.9N,  83.1W,50.0,996.0,10.0
20220702, TS, 11.0N,  83.8W,50.0,996.0,10.0
20220702, TS, 11.1N,  84.5W,40.0,1000.0,20.0
20220702, TS, 11.2N,  85.9W,35.0,1002.0,30.0
20220702, TS, 11.2N,  87.4W,45.0,999.0,20.0
20220703, TS, 11.2N,  88.9W,50.0,997.0,20.0
20220703, TS, 11.5N,  90.4W,50.0,997.0,20.0
20220703, TS, 11.8N,  91.9W,55.0,995.0,20.0
20220703, TS, 12.2N,  93.4W,60.0,993.0,15.0
20220704, HU, 12.9N,  94.9W,65.0,989.0,15.0
20220704, HU, 13.4N,  96.6W,70.0,987.0,15.0
20220704, HU, 13.6N,  98.2W,75.0,984.0,15.0
20220704, HU, 13.8N,  99.6W,85.0,978.0,10.0
20220705, HU, 14.4N, 100.9W,90.0,974.0,10.0
20220705, HU, 14.9N, 102.4W,95.0,968.0,5.0
20220705, HU, 15.1N, 103.8W,100.0,964.0,5.0
20220705, HU, 15.4N, 105.1W,95.0,967.0,5.0
20220706, HU, 15.6N, 106.4W,90.0,970.0,5.0
20220706, HU, 15.8N, 107.6W,85.0,974.0,20.0
20220706, HU, 16.0N, 108.5W,85.0,975.0,20.0
20220706, HU, 16.3N, 109.5W,85.0,975.0,20.0
20220707, HU, 16.6N, 110.6W,80.0,980.0,20.0
20220707, HU, 16.9N, 111.8W,80.0,980.0,20.0
20220707, HU, 17.2N, 113.1W,80.0,980.0,15.0
20220707, HU, 17.5N, 114.5W,85.0,976.0,15.0
20220708, HU, 17.8N, 116.1W,85.0,976.0,15.0
20220708, HU, 18.0N, 117.7W,75.0,982.0,15.0
20220708, HU, 18.2N, 119.3W,65.0,989.0,15.0
20220708, TS, 18.6N, 121.0W,55.0,998.0,20.0
20220709, TS, 19.0N, 122.8W,50.0,1001.0,20.0
20220709, TS, 19.2N, 124.7W,45.0,1002.0,20.0
20220709, TS, 19.4N, 126.6W,40.0,1005.0,20.0
20220709, LO, 19.5N, 128.6W,40.0,1008.0,25.0
20220710, LO, 19.6N, 130.5W,35.0,1008.0,25.0
20220710, LO, 19.5N, 132.3W,35.0,1008.0,25.0
20220710, LO, 19.4N, 134.0W,30.0,1008.0,25.0
20220710, LO, 19.4N, 135.5W,25.0,1010.0,25.0
20220711, LO, 19.4N, 136.9W,25.0,1010.0,25.0
20220701, TD, 31.8N,  80.5W,30.0,1014.0,50.0
20220701, TS, 32.4N,  80.5W,35.0,1011.0,50.0
20220702, TS, 32.5N,  80.4W,35.0,1011.0,50.0
20220702, TS, 33.0N,  79.9W,35.0,1011.0,50.0
20220702, TS, 33.4N,  79.4W,35.0,1011.0,50.0
20220702, TD, 33.8N,  78.9W,30.0,1015.0,50.0
20220831, LO, 37.5N,  46.6W,25.0,1016.0,60.0
20220831, LO, 37.8N,  46.1W,25.0,1015.0,50.0
20220901, LO, 38.0N,  45.6W,25.0,1014.0,45.0
20220901, TD, 38.1N,  45.2W,30.0,1011.0,35.0
20220901, TS, 38.1N,  44.8W,35.0,1007.0,30.0
20220901, TS, 38.0N,  44.4W,45.0,1002.0,25.0
20220902, TS, 37.9N,  44.1W,55.0,996.0,20.0
20220902, TS, 37.8N,  43.8W,60.0,990.0,15.0
20220902, HU, 37.8N,  43.6W,65.0,986.0,15.0
20220902, HU, 37.9N,  43.5W,65.0,985.0,15.0
20220903, HU, 38.0N,  43.6W,65.0,986.0,15.0
20220903, TS, 38.0N,  43.8W,60.0,989.0,20.0
20220903, TS, 38.0N,  44.2W,60.0,989.0,20.0
20220903, TS, 38.0N,  44.6W,60.0,989.0,25.0
20220904, HU, 37.9N,  45.0W,65.0,986.0,25.0
20220904, HU, 37.9N,  45.3W,70.0,982.0,30.0
20220904, HU, 38.1N,  45.4W,70.0,979.0,35.0
20220904, HU, 38.4N,  45.2W,75.0,976.0,40.0
20220905, HU, 38.7N,  45.0W,75.0,975.0,40.0
20220905, HU, 39.2N,  44.6W,75.0,975.0,40.0
20220905, HU, 39.9N,  44.1W,75.0,975.0,40.0
20220905, HU, 40.6N,  43.6W,75.0,976.0,40.0
20220906, HU, 41.3N,  43.1W,70.0,980.0,45.0
20220906, HU, 41.8N,  42.5W,65.0,982.0,45.0
20220906, HU, 42.1N,  41.8W,65.0,982.0,50.0
20220906, HU, 42.3N,  41.0W,65.0,980.0,55.0
20220907, HU, 42.5N,  39.9W,65.0,978.0,60.0
20220907, HU, 42.9N,  38.6W,70.0,974.0,60.0
20220907, HU, 43.5N,  37.2W,70.0,972.0,60.0
20220907, HU, 44.4N,  35.6W,70.0,972.0,60.0
20220908, HU, 45.3N,  33.9W,65.0,973.0,60.0
20220908, TS, 46.2N,  32.4W,60.0,974.0,60.0
20220908, EX, 47.3N,  31.4W,55.0,975.0,60.0
20220908, EX, 48.5N,  30.8W,55.0,975.0,60.0
20220909, EX, 49.8N,  30.5W,55.0,975.0,60.0
20220909, EX, 51.0N,  31.1W,50.0,976.0,60.0
20220909, EX, 51.1N,  33.2W,50.0,977.0,60.0
20220909, EX, 49.8N,  34.8W,45.0,979.0,60.0
20220910, EX, 47.8N,  34.1W,45.0,983.0,60.0
20220910, EX, 46.1N,  31.2W,45.0,985.0,60.0
20220910, EX, 45.2N,  28.0W,40.0,987.0,60.0
20220910, EX, 44.7N,  26.1W,40.0,988.0,60.0
20220911, EX, 43.9N,  24.7W,40.0,990.0,60.0
20220911, EX, 42.7N,  23.4W,35.0,991.0,60.0
20220911, EX, 41.2N,  21.9W,35.0,992.0,60.0
20220911, EX, 40.1N,  20.4W,35.0,993.0,50.0
20220912, EX, 39.1N,  18.8W,35.0,994.0,50.0
20220912, EX, 38.4N,  17.0W,35.0,994.0,40.0
20220912, EX, 38.6N,  15.0W,35.0,994.0,40.0
20220912, EX, 39.4N,  12.7W,35.0,993.0,40.0
20220913, EX, 40.8N,  11.2W,35.0,992.0,40.0
20220913, EX, 42.5N,  10.6W,35.0,992.0,40.0
20220913, EX, 43.3N,  10.7W,35.0,993.0,40.0
20220913, EX, 43.6N,  11.3W,35.0,994.0,40.0
20220914, EX, 43.3N,  11.4W,30.0,996.0,30.0
20220914, EX, 43.0N,  11.2W,25.0,998.0,30.0
20220914, EX, 42.7N,  10.9W,25.0,1000.0,30.0
20220914, EX, 42.5N,  10.4W,25.0,1003.0,30.0
20220915, EX, 42.2N,  10.1W,25.0,1006.0,30.0
20220915, EX, 41.6N,  10.0W,25.0,1008.0,30.0
20220915, EX, 40.9N,  10.1W,20.0,1010.0,30.0
20220915, EX, 40.2N,  10.3W,20.0,1012.0,30.0
20220902, TS, 17.9N,  58.6W,35.0,1006.0,60.0
20220903, TS, 18.3N,  59.8W,40.0,1005.0,90.0
20220903, TS, 18.6N,  60.9W,40.0,1004.0,90.0
20220903, TS, 18.9N,  61.9W,40.0,1002.0,90.0
20220903, TS, 19.2N,  62.9W,45.0,999.0,60.0
20220904, TS, 19.4N,  63.6W,45.0,999.0,40.0
20220904, TS, 19.5N,  64.1W,45.0,999.0,40.0
20220904, TS, 19.8N,  64.6W,45.0,999.0,40.0
20220904, TS, 20.0N,  65.0W,50.0,998.0,40.0
20220905, TS, 20.3N,  65.3W,50.0,998.0,50.0
20220905, TS, 20.8N,  65.4W,55.0,998.0,50.0
20220905, TS, 21.5N,  65.2W,55.0,998.0,50.0
20220905, TS, 22.0N,  65.2W,60.0,997.0,40.0
20220906, TS, 22.5N,  65.2W,60.0,991.0,30.0
20220906, TS, 23.1N,  65.3W,55.0,995.0,30.0
20220906, TS, 23.5N,  65.7W,55.0,996.0,30.0
20220906, HU, 23.9N,  65.7W,65.0,994.0,30.0
20220907, HU, 24.5N,  65.8W,70.0,985.0,30.0
20220907, HU, 25.0N,  65.9W,75.0,982.0,30.0
20220907, HU, 25.4N,  65.8W,75.0,978.0,30.0
20220907, HU, 26.1N,  65.6W,80.0,974.0,35.0
20220908, HU, 26.8N,  65.5W,90.0,970.0,35.0
20220908, HU, 27.7N,  65.5W,90.0,969.0,35.0
20220908, HU, 28.7N,  65.3W,85.0,962.0,30.0
20220908, HU, 29.7N,  64.8W,80.0,962.0,30.0
20220909, HU, 30.6N,  64.3W,80.0,964.0,30.0
20220909, HU, 31.9N,  63.2W,80.0,963.0,40.0
20220909, HU, 33.4N,  61.9W,85.0,961.0,40.0
20220909, HU, 34.9N,  59.8W,90.0,954.0,40.0
20220910, HU, 37.1N,  56.8W,95.0,948.0,40.0
20220910, HU, 40.0N,  54.3W,90.0,955.0,45.0
20220910, HU, 42.4N,  53.3W,80.0,964.0,45.0
20220910, EX, 43.3N,  52.8W,70.0,967.0,60.0
20220911, EX, 43.3N,  52.6W,60.0,968.0,60.0
20220911, EX, 43.8N,  52.2W,55.0,970.0,60.0
20220911, EX, 44.2N,  52.0W,50.0,974.0,60.0
20220911, EX, 44.3N,  51.9W,45.0,974.0,60.0
20220912, EX, 44.2N,  51.9W,45.0,974.0,90.0
20220912, EX, 44.3N,  52.1W,40.0,978.0,90.0
20220912, EX, 43.9N,  51.9W,40.0,978.0,90.0
20220912, EX, 43.2N,  51.2W,35.0,981.0,90.0
20220913, EX, 42.9N,  48.3W,35.0,981.0,90.0
20220913, EX, 43.0N,  46.8W,35.0,985.0,90.0
20220913, EX, 43.4N,  45.2W,35.0,989.0,90.0
20220913, EX, 44.3N,  43.7W,35.0,989.0,90.0
20220914, EX, 45.0N,  42.4W,35.0,990.0,120.0
20220914, EX, 45.4N,  41.6W,35.0,990.0,140.0
20220914, EX, 45.5N,  40.9W,35.0,990.0,140.0
20220914, EX, 45.3N,  40.5W,30.0,992.0,140.0
20220915, EX, 45.2N,  39.4W,30.0,994.0,140.0
20220915, EX, 45.2N,  37.7W,30.0,995.0,140.0
20220915, EX, 45.6N,  36.1W,30.0,996.0,140.0
20220914, TD, 16.0N,  47.9W,25.0,1010.0,70.0
20220914, TD, 16.4N,  49.1W,30.0,1009.0,60.0
20220914, TS, 16.6N,  50.1W,35.0,1006.0,50.0
20220915, TS, 16.6N,  51.3W,45.0,1002.0,50.0
20220915, TS, 16.5N,  52.4W,45.0,1002.0,50.0
20220915, TS, 16.4N,  53.6W,45.0,1002.0,50.0
20220915, TS, 16.3N,  54.8W,50.0,1006.0,30.0
20220916, TS, 16.1N,  56.2W,50.0,1005.0,30.0
20220916, TS, 15.8N,  57.5W,50.0,1005.0,30.0
20220916, TS, 15.8N,  58.8W,45.0,1005.0,40.0
20220916, TS, 16.3N,  60.4W,45.0,1005.0,40.0
20220916, TS, 16.4N,  61.4W,50.0,1002.0,40.0
20220917, TS, 16.4N,  61.6W,50.0,1002.0,30.0
20220917, TS, 16.3N,  62.6W,50.0,1000.0,30.0
20220917, TS, 16.4N,  63.3W,50.0,1000.0,30.0
20220917, TS, 16.5N,  64.0W,50.0,1002.0,20.0
20220918, TS, 16.5N,  64.7W,50.0,997.0,30.0
20220918, TS, 16.9N,  65.5W,55.0,994.0,30.0
20220918, HU, 17.2N,  66.2W,65.0,990.0,30.0
20220918, HU, 17.8N,  66.9W,75.0,986.0,25.0
20220918, HU, 18.0N,  67.1W,75.0,986.0,25.0
20220919, HU, 18.1N,  67.8W,75.0,984.0,15.0
20220919, HU, 18.2N,  68.4W,80.0,977.0,15.0
20220919, HU, 18.4N,  68.5W,80.0,976.0,15.0
20220919, HU, 18.8N,  68.9W,75.0,980.0,15.0
20220919, HU, 19.5N,  69.5W,85.0,972.0,15.0
20220920, HU, 20.2N,  70.1W,95.0,974.0,10.0
20220920, HU, 20.8N,  70.7W,100.0,967.0,10.0
20220920, HU, 21.4N,  71.1W,100.0,962.0,10.0
20220920, HU, 21.5N,  71.2W,100.0,961.0,10.0
20220920, HU, 22.3N,  71.7W,100.0,959.0,10.0
20220921, HU, 22.9N,  71.8W,110.0,951.0,15.0
20220921, HU, 23.5N,  71.8W,120.0,939.0,15.0
20220921, HU, 24.2N,  71.7W,115.0,937.0,15.0
20220921, HU, 25.1N,  71.6W,115.0,937.0,15.0
20220922, HU, 26.0N,  71.4W,115.0,934.0,15.0
20220922, HU, 26.9N,  71.1W,115.0,934.0,15.0
20220922, HU, 28.0N,  70.6W,115.0,936.0,20.0
20220922, HU, 29.5N,  70.0W,115.0,936.0,20.0
20220923, HU, 30.9N,  69.0W,115.0,931.0,20.0
20220923, HU, 32.5N,  67.5W,115.0,936.0,20.0
20220923, HU, 34.3N,  65.0W,115.0,935.0,25.0
20220923, HU, 37.8N,  61.7W,110.0,940.0,30.0
20220924, EX, 42.3N,  60.7W,100.0,932.0,90.0
20220924, EX, 45.0N,  61.2W,85.0,931.0,100.0
20220924, EX, 45.2N,  61.2W,85.0,931.0,100.0
20220924, EX, 46.8N,  61.2W,75.0,938.0,100.0
20220924, EX, 47.9N,  60.8W,65.0,952.0,100.0
20220925, EX, 48.8N,  59.8W,60.0,968.0,100.0
20220925, EX, 50.6N,  58.6W,50.0,972.0,60.0
20220925, EX, 51.3N,  58.3W,45.0,974.0,60.0
20220925, EX, 53.1N,  57.5W,45.0,981.0,60.0
20220925, EX, 55.5N,  58.0W,40.0,984.0,60.0
20220926, EX, 57.5N,  59.0W,35.0,985.0,60.0
20220926, EX, 58.5N,  59.0W,35.0,985.0,60.0
20220926, EX, 59.5N,  59.0W,35.0,986.0,60.0
20220926, EX, 60.5N,  58.5W,35.0,988.0,60.0
20220927, EX, 61.5N,  58.0W,35.0,994.0,60.0
20220927, EX, 62.5N,  57.0W,35.0,998.0,60.0
20220927, EX, 63.3N,  55.0W,35.0,1000.0,60.0
20220927, EX, 64.0N,  52.0W,25.0,1002.0,60.0
20220919, LO, 28.7N,  46.3W,25.0,1014.0,60.0
20220919, LO, 29.6N,  45.8W,25.0,1014.0,60.0
20220920, LO, 30.4N,  45.8W,25.0,1014.0,60.0
20220920, LO, 31.3N,  45.9W,25.0,1013.0,50.0
20220920, TD, 32.5N,  45.8W,30.0,1013.0,50.0
20220920, TS, 34.0N,  45.0W,35.0,1009.0,30.0
20220921, TS, 35.5N,  44.1W,45.0,1004.0,30.0
20220921, TS, 36.9N,  43.1W,55.0,999.0,25.0
20220921, TS, 37.9N,  42.0W,55.0,998.0,25.0
20220921, TS, 38.6N,  40.7W,55.0,998.0,25.0
20220922, TS, 39.4N,  38.6W,55.0,998.0,25.0
20220922, TS, 40.1N,  36.5W,55.0,998.0,25.0
20220922, TS, 40.7N,  34.8W,55.0,996.0,20.0
20220922, TS, 41.0N,  33.1W,55.0,994.0,20.0
20220923, TS, 41.1N,  31.5W,55.0,995.0,20.0
20220923, TS, 40.9N,  30.1W,55.0,995.0,20.0
20220923, TS, 40.5N,  29.2W,55.0,995.0,20.0
20220923, TS, 39.8N,  28.8W,50.0,997.0,20.0
20220924, TS, 39.1N,  29.2W,45.0,999.0,20.0
20220924, TS, 38.7N,  29.7W,45.0,1000.0,20.0
20220924, TS, 38.2N,  30.4W,40.0,1001.0,40.0
20220924, TS, 38.0N,  31.4W,45.0,998.0,50.0
20220925, TS, 38.4N,  32.7W,45.0,998.0,50.0
20220925, TS, 38.9N,  34.1W,45.0,999.0,50.0
20220925, TS, 39.4N,  35.7W,45.0,999.0,50.0
20220925, TS, 39.2N,  37.0W,40.0,1000.0,50.0
20220926, LO, 38.8N,  37.7W,35.0,1007.0,50.0
20220926, LO, 38.5N,  38.5W,35.0,1010.0,50.0
20220926, LO, 38.4N,  39.4W,30.0,1011.0,50.0
20220926, LO, 38.2N,  40.4W,30.0,1012.0,50.0
20220927, LO, 38.0N,  41.5W,30.0,1012.0,50.0
20220927, LO, 37.6N,  42.8W,30.0,1013.0,50.0
20220927, LO, 37.2N,  44.2W,25.0,1014.0,50.0
20220927, LO, 37.0N,  45.9W,25.0,1015.0,50.0
20220922, LO, 12.3N,  66.3W,30.0,1006.0,70.0
20220923, LO, 12.9N,  67.2W,30.0,1006.0,70.0
20220923, TD, 13.7N,  68.1W,30.0,1006.0,60.0
20220923, TD, 14.2N,  69.3W,30.0,1006.0,60.0
20220923, TD, 14.6N,  70.6W,30.0,1006.0,60.0
20220924, TS, 14.7N,  71.7W,35.0,1005.0,30.0
20220924, TS, 14.7N,  72.9W,35.0,1005.0,30.0
20220924, TS, 14.5N,  74.4W,40.0,1003.0,30.0
20220924, TS, 14.4N,  75.8W,40.0,1003.0,30.0
20220925, TS, 14.6N,  77.2W,40.0,1003.0,30.0
20220925, TS, 14.6N,  78.3W,40.0,1003.0,30.0
20220925, TS, 15.0N,  79.4W,40.0,1003.0,30.0
20220925, TS, 15.8N,  80.1W,40.0,1003.0,30.0
20220926, TS, 16.8N,  80.9W,50.0,991.0,30.0
20220926, HU, 17.7N,  81.7W,65.0,985.0,15.0
20220926, HU, 18.7N,  82.4W,70.0,981.0,15.0
20220926, HU, 19.7N,  83.0W,80.0,976.0,20.0
20220927, HU, 20.8N,  83.3W,85.0,965.0,20.0
20220927, HU, 21.8N,  83.6W,100.0,956.0,15.0
20220927, HU, 22.2N,  83.7W,110.0,947.0,15.0
20220927, HU, 22.6N,  83.6W,100.0,963.0,15.0
20220927, HU, 23.5N,  83.3W,105.0,951.0,15.0
20220928, HU, 24.4N,  83.0W,105.0,947.0,20.0
20220928, HU, 24.6N,  82.9W,110.0,952.0,20.0
20220928, HU, 25.2N,  82.9W,120.0,945.0,20.0
20220928, HU, 26.0N,  82.7W,140.0,937.0,20.0
20220928, HU, 26.6N,  82.4W,135.0,938.0,20.0
20220928, HU, 26.7N,  82.2W,130.0,941.0,20.0
20220928, HU, 26.8N,  82.0W,125.0,945.0,20.0
20220929, HU, 27.2N,  81.7W,100.0,960.0,20.0
20220929, HU, 27.7N,  81.1W,65.0,985.0,20.0
20220929, TS, 28.4N,  80.6W,60.0,987.0,40.0
20220929, HU, 28.9N,  80.1W,65.0,986.0,40.0
20220930, HU, 29.6N,  79.4W,70.0,986.0,40.0
20220930, HU, 30.3N,  79.1W,75.0,984.0,40.0
20220930, HU, 31.5N,  79.0W,75.0,980.0,40.0
20220930, HU, 33.3N,  79.2W,70.0,978.0,40.0
20220930, HU, 33.3N,  79.2W,70.0,978.0,40.0
20221001, EX, 34.4N,  79.3W,50.0,990.0,80.0
20221001, EX, 35.3N,  79.7W,30.0,999.0,180.0
20220923, LO, 16.6N,  19.4W,30.0,1005.0,60.0
20220923, TD, 17.4N,  19.9W,30.0,1004.0,50.0
20220923, TS, 18.1N,  20.3W,35.0,1003.0,40.0
20220924, TS, 18.7N,  20.7W,35.0,1003.0,40.0
20220924, TS, 19.4N,  20.9W,35.0,1004.0,40.0
20220924, TD, 20.3N,  20.9W,30.0,1005.0,50.0
20220924, TD, 21.4N,  20.7W,30.0,1006.0,60.0
20220925, LO, 22.4N,  20.5W,30.0,1006.0,70.0
20220925, LO, 23.1N,  20.3W,25.0,1007.0,80.0
20220925, LO, 23.7N,  20.1W,25.0,1007.0,80.0
20220925, LO, 24.1N,  19.8W,25.0,1008.0,90.0
20220926, LO, 24.6N,  19.4W,25.0,1008.0,100.0
20220926, LO, 13.8N,  35.8W,25.0,1009.0,60.0
20220927, LO, 13.6N,  35.4W,25.0,1009.0,60.0
20220927, LO, 13.6N,  35.0W,25.0,1009.0,60.0
20220927, LO, 13.8N,  34.7W,25.0,1009.0,60.0
20220927, LO, 14.1N,  34.5W,25.0,1009.0,60.0
20220928, TD, 14.5N,  34.3W,30.0,1008.0,60.0
20220928, TD, 15.1N,  34.2W,30.0,1008.0,60.0
20220928, TD, 15.7N,  34.3W,25.0,1009.0,60.0
20220928, TD, 16.2N,  34.7W,25.0,1009.0,60.0
20220929, TD, 16.7N,  35.2W,25.0,1009.0,60.0
20220929, TD, 17.5N,  36.0W,25.0,1009.0,60.0
20220929, LO, 18.3N,  36.9W,25.0,1009.0,80.0
20221004, TD, 13.6N,  29.5W,30.0,1007.0,40.0
20221004, TD, 14.2N,  30.2W,30.0,1007.0,40.0
20221005, TD, 14.6N,  30.5W,30.0,1007.0,50.0
20221005, TD, 15.0N,  30.9W,30.0,1007.0,60.0
20221005, TD, 15.3N,  31.5W,30.0,1007.0,60.0
20221005, TD, 16.0N,  31.9W,30.0,1007.0,60.0
20221006, TD, 17.0N,  32.1W,30.0,1007.0,60.0
20221006, TD, 17.7N,  32.8W,30.0,1007.0,60.0
20221006, TD, 18.1N,  33.9W,30.0,1008.0,60.0
20221006, TD, 18.7N,  35.0W,30.0,1009.0,60.0
20221006, DB, 11.4N,  66.5W,30.0,1006.0,70.0
20221006, DB, 11.6N,  67.8W,30.0,1005.0,70.0
20221007, TD, 11.9N,  69.2W,30.0,1004.0,70.0
20221007, TD, 12.0N,  69.8W,30.0,1004.0,70.0
20221007, TD, 12.1N,  70.6W,30.0,1004.0,70.0
20221007, TD, 12.2N,  71.2W,30.0,1004.0,70.0
20221007, TS, 12.5N,  72.1W,35.0,1002.0,60.0
20221007, TS, 12.8N,  73.8W,40.0,1002.0,50.0
20221008, TS, 12.8N,  75.5W,45.0,999.0,40.0
20221008, TS, 12.7N,  77.2W,50.0,999.0,40.0
20221008, TS, 12.7N,  78.9W,55.0,994.0,30.0
20221008, TS, 12.6N,  80.5W,60.0,993.0,30.0
20221009, HU, 12.5N,  82.0W,65.0,989.0,30.0
20221009, HU, 12.4N,  83.3W,75.0,982.0,25.0
20221009, HU, 12.4N,  83.6W,75.0,982.0,25.0
20221009, HU, 12.3N,  84.7W,65.0,985.0,25.0
20221009, TS, 12.3N,  86.2W,45.0,988.0,25.0
20221010, TS, 12.6N,  87.6W,40.0,993.0,30.0
20221010, TS, 13.1N,  88.8W,35.0,998.0,30.0
20221010, TS, 13.6N,  89.7W,35.0,1001.0,30.0
20221010, TD, 13.7N,  89.9W,30.0,1002.0,30.0
20221011, TD, 19.0N,  94.1W,30.0,1007.0,100.0
20221011, TS, 19.6N,  94.5W,35.0,1006.0,100.0
20221012, TS, 20.2N,  94.8W,35.0,1005.0,90.0
20221012, TS, 20.9N,  94.9W,35.0,1004.0,80.0
20221012, TS, 21.5N,  94.8W,40.0,1002.0,70.0
20221012, TS, 22.0N,  94.6W,50.0,1000.0,60.0
20221013, TS, 22.4N,  94.3W,50.0,1000.0,50.0
20221013, TS, 22.4N,  94.3W,45.0,1000.0,40.0
20221013, TS, 21.9N,  94.0W,45.0,1000.0,40.0
20221013, TS, 21.3N,  93.6W,40.0,999.0,50.0
20221014, TS, 20.9N,  93.0W,40.0,998.0,50.0
20221014, TS, 20.3N,  92.6W,35.0,997.0,50.0
20221014, TS, 19.8N,  92.6W,35.0,997.0,50.0
20221014, TS, 19.4N,  92.6W,35.0,999.0,40.0
20221015, LO, 19.0N,  92.7W,30.0,1004.0,40.0
20221015, LO, 18.7N,  92.9W,25.0,1007.0,40.0
20221015, LO, 18.5N,  93.3W,20.0,1009.0,40.0
20221015, LO, 18.4N,  94.0W,20.0,1010.0,40.0
20221030, LO, 15.7N,  73.3W,35.0,1005.0,70.0
20221031, LO, 15.7N,  74.4W,35.0,1005.0,70.0
20221031, LO, 15.6N,  75.5W,35.0,1005.0,70.0
20221031, TS, 15.5N,  76.7W,35.0,1003.0,70.0
20221031, TS, 15.5N,  77.8W,40.0,1002.0,70.0
20221101, TS, 15.6N,  78.8W,40.0,1002.0,50.0
20221101, TS, 15.9N,  79.9W,40.0,1003.0,35.0
20221101, TS, 16.2N,  81.2W,45.0,1002.0,15.0
20221101, TS, 16.5N,  82.5W,50.0,1001.0,15.0
20221102, TS, 16.7N,  84.1W,55.0,993.0,15.0
20221102, TS, 17.0N,  85.5W,60.0,992.0,10.0
20221102, HU, 17.1N,  86.7W,70.0,990.0,10.0
20221102, HU, 17.3N,  87.7W,75.0,988.0,15.0
20221102, HU, 17.4N,  88.3W,80.0,985.0,15.0
20221103, HU, 17.5N,  88.6W,65.0,990.0,15.0
20221103, TS, 17.7N,  89.6W,45.0,998.0,15.0
20221103, TD, 17.9N,  90.6W,30.0,1008.0,15.0
20221103, TD, 18.0N,  91.7W,30.0,1008.0,15.0
20221104, TD, 18.1N,  92.7W,30.0,1008.0,30.0
20221104, TD, 18.3N,  93.6W,30.0,1008.0,30.0
20221104, TD, 18.7N,  94.5W,25.0,1008.0,30.0
20221104, TD, 19.2N,  95.2W,25.0,1008.0,40.0
20221105, TD, 19.4N,  95.4W,25.0,1008.0,40.0
20221105, TD, 19.7N,  95.4W,25.0,1008.0,40.0
20221030, EX, 34.2N,  64.0W,40.0,1006.0,100.0
20221031, EX, 34.6N,  63.1W,45.0,1004.0,90.0
20221031, EX, 34.9N,  62.2W,45.0,1004.0,80.0
20221031, EX, 35.0N,  61.6W,40.0,1004.0,70.0
20221031, EX, 35.0N,  60.9W,40.0,1004.0,60.0
20221101, EX, 35.1N,  59.6W,35.0,1004.0,50.0
20221101, EX, 35.2N,  57.9W,35.0,1002.0,40.0
20221101, TS, 35.3N,  56.7W,40.0,998.0,30.0
20221101, TS, 35.3N,  55.4W,45.0,993.0,20.0
20221102, TS, 35.1N,  54.2W,50.0,991.0,20.0
20221102, TS, 35.0N,  53.0W,55.0,989.0,30.0
20221102, HU, 35.1N,  50.9W,65.0,983.0,30.0
20221102, HU, 36.1N,  48.9W,75.0,974.0,30.0
20221103, HU, 38.0N,  46.4W,75.0,970.0,30.0
20221103, HU, 40.3N,  43.6W,75.0,965.0,35.0
20221103, EX, 43.7N,  38.8W,75.0,960.0,35.0
20221103, EX, 49.0N,  35.3W,75.0,950.0,40.0
20221104, EX, 52.7N,  38.0W,70.0,947.0,50.0
20221104, EX, 54.7N,  37.7W,65.0,936.0,60.0
20221104, EX, 55.8N,  37.2W,60.0,932.0,60.0
20221104, EX, 56.5N,  36.5W,55.0,939.0,60.0
20221106, LO, 20.6N,  66.8W,30.0,1005.0,100.0
20221106, LO, 22.4N,  66.8W,35.0,1005.0,100.0
20221107, LO, 23.9N,  67.5W,35.0,1005.0,100.0
20221107, SS, 25.2N,  68.2W,40.0,1004.0,200.0
20221107, SS, 25.9N,  69.3W,40.0,1002.0,200.0
20221107, SS, 26.4N,  70.3W,40.0,1001.0,200.0
20221108, SS, 26.8N,  70.7W,40.0,998.0,200.0
20221108, SS, 27.5N,  71.2W,40.0,996.0,200.0
20221108, SS, 27.7N,  72.1W,45.0,993.0,80.0
20221108, TS, 27.6N,  73.3W,50.0,991.0,60.0
20221109, TS, 27.2N,  74.3W,60.0,984.0,60.0
20221109, TS, 26.8N,  75.3W,60.0,986.0,60.0
20221109, TS, 26.5N,  76.2W,55.0,985.0,20.0
20221109, TS, 26.5N,  77.1W,60.0,985.0,20.0
20221109, TS, 26.5N,  77.3W,60.0,985.0,20.0
20221109, HU, 26.6N,  78.2W,65.0,980.0,20.0
20221110, HU, 26.7N,  78.4W,65.0,980.0,20.0
20221110, HU, 27.3N,  79.8W,65.0,980.0,20.0
20221110, HU, 27.6N,  80.3W,65.0,980.0,20.0
20221110, TS, 28.0N,  81.6W,55.0,984.0,110.0
20221110, TS, 29.0N,  82.8W,40.0,989.0,70.0
20221110, TS, 29.2N,  83.0W,40.0,989.0,70.0
20221111, TS, 30.1N,  84.0W,35.0,992.0,70.0
20221111, TD, 31.2N,  84.6W,30.0,996.0,90.0
20221111, TD, 33.2N,  84.6W,25.0,999.0,250.0
20221111, LO, 35.4N,  83.8W,25.0,1000.0,400.0
20230115, EX, 36.4N,  71.3W,45.0,989.0,80.0
20230115, EX, 36.8N,  70.6W,45.0,986.0,70.0
20230115, EX, 37.2N,  69.7W,45.0,986.0,60.0
20230115, EX, 37.4N,  68.8W,45.0,983.0,50.0
20230116, EX, 37.5N,  68.3W,45.0,983.0,50.0
20230116, EX, 37.3N,  67.6W,50.0,982.0,40.0
20230116, SS, 37.1N,  66.1W,50.0,982.0,40.0
20230116, SS, 37.6N,  63.6W,55.0,980.0,30.0
20230117, SS, 39.8N,  61.6W,60.0,976.0,30.0
20230117, SS, 42.4N,  60.6W,55.0,977.0,30.0
20230117, SS, 45.5N,  60.0W,45.0,981.0,40.0
20230117, SS, 45.9N,  60.0W,45.0,983.0,40.0
20230117, LO, 48.4N,  60.2W,40.0,988.0,40.0
20230118, LO, 50.4N,  60.2W,35.0,991.0,40.0
20230118, LO, 51.4N,  60.2W,30.0,994.0,40.0
20230531, LO, 26.4N,  85.9W,20.0,1009.0,100.0
20230601, LO, 26.7N,  85.7W,20.0,1008.0,100.0
20230601, LO, 27.2N,  85.8W,25.0,1008.0,90.0
20230601, TD, 27.7N,  86.2W,30.0,1007.0,70.0
20230601, TD, 28.0N,  86.5W,30.0,1007.0,50.0
20230602, TD, 27.7N,  86.5W,30.0,1006.0,40.0
20230602, TS, 27.3N,  86.4W,35.0,1004.0,40.0
20230602, TS, 27.0N,  86.3W,35.0,1002.0,40.0
20230602, TS, 26.7N,  86.0W,35.0,1000.0,40.0
20230603, TS, 25.9N,  85.7W,35.0,998.0,50.0
20230603, TD, 25.0N,  85.6W,30.0,999.0,50.0
20230603, LO, 24.4N,  85.3W,25.0,1000.0,40.0
20230603, LO, 23.9N,  85.0W,25.0,1001.0,40.0
20230604, LO, 23.5N,  84.1W,25.0,1002.0,40.0
20230604, LO, 23.3N,  83.0W,25.0,1002.0,30.0
20230619, TD, 10.7N,  37.3W,30.0,1009.0,60.0
20230619, TD, 10.9N,  39.1W,30.0,1009.0,60.0
20230619, TS, 11.1N,  40.9W,35.0,1008.0,40.0
20230620, TS, 11.3N,  42.7W,35.0,1008.0,40.0
20230620, TS, 11.5N,  44.5W,35.0,1008.0,40.0
20230620, TS, 11.7N,  46.3W,35.0,1008.0,40.0
20230620, TS, 12.0N,  48.0W,40.0,1006.0,30.0
20230621, TS, 12.4N,  49.4W,45.0,1004.0,30.0
20230621, TS, 12.7N,  50.7W,50.0,1001.0,20.0
20230621, TS, 13.0N,  52.0W,50.0,1001.0,20.0
20230621, TS, 13.3N,  53.3W,55.0,1000.0,20.0
20230622, TS, 13.4N,  54.6W,55.0,999.0,20.0
20230622, TS, 13.5N,  55.9W,60.0,996.0,20.0
20230622, TS, 13.5N,  57.3W,60.0,998.0,20.0
20230622, TS, 13.4N,  58.8W,55.0,1000.0,30.0
20230623, TS, 13.3N,  60.3W,55.0,1001.0,30.0
20230623, TS, 13.3N,  61.2W,55.0,1001.0,30.0
20230623, TS, 13.3N,  62.0W,50.0,1001.0,30.0
20230623, TS, 13.2N,  63.8W,50.0,1002.0,30.0
20230623, TS, 13.1N,  65.6W,45.0,1003.0,30.0
20230624, TS, 13.0N,  67.4W,45.0,1004.0,30.0
20230624, TS, 13.0N,  69.2W,40.0,1005.0,30.0
20230624, TS, 13.0N,  70.9W,40.0,1007.0,40.0
20230622, TD, 10.4N,  39.9W,30.0,1008.0,50.0
20230622, TD, 10.7N,  41.1W,30.0,1008.0,50.0
20230622, TD, 11.0N,  42.3W,30.0,1008.0,50.0
20230622, TD, 11.3N,  43.5W,30.0,1008.0,50.0
20230623, TS, 11.5N,  44.8W,35.0,1007.0,40.0
20230623, TS, 11.8N,  46.1W,40.0,1006.0,40.0
20230623, TS, 12.2N,  47.5W,45.0,1005.0,40.0
20230623, TS, 12.8N,  48.8W,45.0,1005.0,40.0
20230624, TS, 13.6N,  50.0W,45.0,1005.0,40.0
20230624, TS, 14.6N,  51.2W,50.0,1004.0,30.0
20230624, TS, 15.7N,  52.5W,50.0,1004.0,30.0
20230624, TS, 16.8N,  53.9W,50.0,1005.0,40.0
20230625, TS, 18.2N,  55.2W,45.0,1006.0,40.0
20230625, TS, 19.4N,  56.4W,45.0,1007.0,40.0
20230625, TS, 20.5N,  57.6W,40.0,1009.0,50.0
20230625, TS, 21.6N,  58.8W,40.0,1010.0,60.0
20230626, TS, 22.5N,  59.9W,35.0,1011.0,60.0
20230711, LO, 36.5N,  55.5W,25.0,1013.0,180.0
20230711, LO, 36.6N,  55.0W,25.0,1013.0,180.0
20230712, LO, 36.2N,  54.4W,25.0,1011.0,180.0
20230712, LO, 35.3N,  53.6W,25.0,1009.0,180.0
20230712, LO, 34.0N,  52.6W,25.0,1009.0,180.0
20230712, LO, 32.9N,  51.9W,30.0,1008.0,180.0
20230713, LO, 32.0N,  51.0W,30.0,1007.0,180.0
20230713, LO, 31.3N,  50.2W,30.0,1006.0,180.0
20230713, LO, 31.2N,  48.7W,35.0,1004.0,150.0
20230713, LO, 31.7N,  47.3W,40.0,1003.0,90.0
20230714, SS, 32.5N,  46.7W,45.0,1002.0,60.0
20230714, SS, 32.9N,  46.8W,45.0,1002.0,50.0
20230714, SS, 33.4N,  47.0W,40.0,1004.0,40.0
20230714, SS, 33.8N,  47.2W,40.0,1004.0,30.0
20230715, SS, 34.3N,  47.2W,40.0,1004.0,30.0
20230715, SS, 35.3N,  47.7W,40.0,1005.0,30.0
20230715, SS, 36.2N,  48.4W,40.0,1006.0,30.0
20230715, SS, 37.1N,  48.7W,35.0,1007.0,30.0
20230716, SS, 37.8N,  48.8W,35.0,1007.0,40.0
20230716, SS, 38.4N,  48.7W,35.0,1007.0,50.0
20230716, SD, 38.9N,  48.5W,30.0,1009.0,60.0
20230716, SD, 39.4N,  47.5W,30.0,1010.0,60.0
20230717, SD, 39.5N,  46.4W,30.0,1010.0,60.0
20230717, TD, 39.3N,  45.0W,30.0,1010.0,60.0
20230717, TD, 38.9N,  43.6W,30.0,1010.0,60.0
20230717, TD, 38.4N,  42.2W,30.0,1010.0,60.0
20230718, TS, 37.8N,  40.9W,35.0,1008.0,60.0
20230718, TS, 36.8N,  39.9W,35.0,1008.0,60.0
20230718, TS, 36.0N,  39.4W,35.0,1008.0,60.0
20230718, TS, 35.3N,  39.2W,35.0,1008.0,60.0
20230719, TS, 34.6N,  39.1W,35.0,1008.0,50.0
20230719, TS, 34.2N,  39.1W,35.0,1008.0,50.0
20230719, TS, 33.9N,  39.3W,35.0,1008.0,50.0
20230719, TS, 33.8N,  39.9W,40.0,1005.0,40.0
20230720, TS, 33.8N,  40.6W,45.0,1001.0,30.0
20230720, TS, 34.0N,  41.3W,45.0,1001.0,20.0
20230720, TS, 34.3N,  42.2W,40.0,1004.0,20.0
20230720, TS, 34.5N,  43.3W,40.0,1004.0,20.0
20230721, TS, 34.6N,  44.2W,40.0,1004.0,20.0
20230721, TS, 35.0N,  45.1W,40.0,1004.0,20.0
20230721, TS, 35.4N,  46.0W,45.0,1001.0,20.0
20230721, TS, 36.2N,  47.0W,45.0,1001.0,20.0
20230722, TS, 36.9N,  48.2W,45.0,1001.0,20.0
20230722, TS, 37.7N,  49.3W,45.0,1001.0,20.0
20230722, TS, 38.5N,  49.9W,55.0,995.0,20.0
20230722, HU, 39.5N,  50.1W,65.0,986.0,10.0
20230723, HU, 40.7N,  49.9W,65.0,986.0,10.0
20230723, TS, 42.0N,  49.4W,60.0,989.0,20.0
20230723, TS, 43.3N,  48.5W,55.0,992.0,20.0
20230723, TS, 44.7N,  47.3W,50.0,996.0,20.0
20230724, TS, 45.9N,  45.7W,45.0,1002.0,30.0
20230724, LO, 46.7N,  44.1W,40.0,1005.0,30.0
20230724, LO, 47.3N,  41.9W,40.0,1005.0,30.0
20230724, LO, 47.8N,  39.7W,40.0,1005.0,30.0
20230725, LO, 48.5N,  36.8W,35.0,1008.0,30.0
20230725, LO, 49.1N,  33.7W,35.0,1008.0,30.0
20230725, LO, 49.8N,  29.4W,30.0,1010.0,30.0
20230725, EX, 50.4N,  24.5W,30.0,1010.0,30.0
20230819, LO, 14.7N,  46.6W,30.0,1008.0,70.0
20230819, TD, 15.4N,  47.8W,30.0,1007.0,60.0
20230819, TD, 16.1N,  48.8W,30.0,1006.0,40.0
20230819, TD, 16.6N,  49.9W,30.0,1006.0,40.0
20230820, TD, 16.9N,  51.1W,30.0,1006.0,40.0
20230820, TD, 16.8N,  52.3W,30.0,1006.0,40.0
20230820, TS, 16.7N,  53.3W,35.0,1005.0,40.0
20230820, TS, 16.6N,  54.2W,35.0,1005.0,40.0
20230821, TS, 16.6N,  55.1W,35.0,1005.0,40.0
20230821, TS, 16.6N,  55.9W,35.0,1005.0,40.0
20230821, TD, 16.7N,  56.6W,30.0,1006.0,50.0
20230821, TD, 16.9N,  57.2W,25.0,1006.0,50.0
20230822, TD, 17.0N,  57.9W,25.0,1006.0,50.0
20230822, TD, 17.1N,  58.7W,25.0,1007.0,50.0
20230822, LO, 17.4N,  59.5W,25.0,1008.0,50.0
20230822, LO, 17.7N,  60.1W,25.0,1008.0,50.0
20230823, LO, 18.1N,  60.2W,25.0,1008.0,50.0
20230823, LO, 18.3N,  59.7W,25.0,1008.0,50.0
20230823, LO, 18.5N,  59.2W,25.0,1009.0,60.0
20230823, LO, 18.3N,  59.0W,25.0,1009.0,60.0
20230824, LO, 18.1N,  58.9W,20.0,1010.0,60.0
20230824, LO, 17.7N,  58.7W,20.0,1010.0,60.0
20230824, LO, 17.3N,  58.5W,20.0,1010.0,60.0
20230824, LO, 16.9N,  58.6W,20.0,1010.0,60.0
20230825, LO, 16.5N,  58.8W,20.0,1010.0,60.0
20230825, LO, 16.1N,  59.1W,20.0,1010.0,60.0
20230825, LO, 16.0N,  59.3W,20.0,1010.0,60.0
20230825, LO, 16.0N,  59.5W,20.0,1010.0,60.0
20230826, LO, 16.1N,  59.7W,20.0,1010.0,60.0
20230826, LO, 16.3N,  59.8W,25.0,1010.0,60.0
20230826, DB, 16.9N,  59.7W,25.0,1010.0,60.0
20230826, DB, 17.8N,  59.5W,25.0,1010.0,60.0
20230827, DB, 18.7N,  59.4W,25.0,1010.0,60.0
20230827, DB, 19.4N,  59.5W,25.0,1010.0,60.0
20230827, DB, 19.9N,  59.6W,25.0,1010.0,60.0
20230827, DB, 20.2N,  59.6W,25.0,1010.0,60.0
20230828, DB, 20.5N,  59.6W,25.0,1010.0,60.0
20230828, DB, 20.8N,  59.4W,25.0,1010.0,60.0
20230828, DB, 21.2N,  59.2W,25.0,1010.0,60.0
20230828, DB, 21.6N,  59.2W,25.0,1010.0,60.0
20230829, DB, 22.3N,  59.4W,25.0,1011.0,60.0
20230829, DB, 23.0N,  59.6W,25.0,1011.0,60.0
20230829, DB, 23.8N,  59.6W,25.0,1012.0,60.0
20230829, DB, 24.6N,  59.6W,25.0,1012.0,60.0
20230830, DB, 25.4N,  59.3W,25.0,1012.0,60.0
20230830, DB, 26.2N,  59.0W,25.0,1010.0,60.0
20230830, DB, 27.0N,  58.7W,25.0,1010.0,60.0
20230830, DB, 27.5N,  58.5W,25.0,1009.0,60.0
20230831, LO, 28.0N,  58.3W,30.0,1009.0,60.0
20230831, LO, 28.4N,  58.1W,30.0,1008.0,60.0
20230831, LO, 28.5N,  57.6W,30.0,1008.0,50.0
20230831, TD, 28.6N,  57.0W,30.0,1007.0,40.0
20230901, TD, 28.8N,  56.4W,30.0,1006.0,30.0
20230901, TD, 28.8N,  55.7W,30.0,1006.0,30.0
20230901, TD, 28.4N,  55.2W,30.0,1006.0,30.0
20230901, TS, 27.9N,  54.8W,35.0,1005.0,20.0
20230902, TS, 27.7N,  54.6W,35.0,1005.0,20.0
20230902, TS, 27.6N,  54.4W,40.0,1003.0,20.0
20230902, TS, 27.7N,  54.1W,45.0,999.0,20.0
20230902, TS, 28.1N,  53.8W,45.0,999.0,20.0
20230903, TS, 28.6N,  53.5W,50.0,998.0,20.0
20230903, TS, 29.3N,  53.0W,50.0,998.0,20.0
20230903, TS, 30.4N,  52.4W,50.0,998.0,20.0
20230903, TS, 31.9N,  51.6W,45.0,999.0,20.0
20230904, TS, 33.9N,  50.9W,45.0,1000.0,20.0
20230904, TS, 36.5N,  50.7W,45.0,1000.0,20.0
20230904, LO, 39.4N,  50.8W,40.0,1001.0,20.0
20230818, LO, 15.4N,  32.9W,30.0,1009.0,100.0
20230818, LO, 15.5N,  33.9W,30.0,1008.0,90.0
20230819, LO, 15.6N,  34.8W,30.0,1007.0,90.0
20230819, LO, 15.8N,  35.3W,30.0,1006.0,90.0
20230819, LO, 16.4N,  35.7W,30.0,1006.0,90.0
20230819, LO, 17.2N,  36.1W,30.0,1006.0,80.0
20230820, TS, 18.0N,  36.7W,35.0,1004.0,70.0
20230820, TS, 18.8N,  37.5W,40.0,1001.0,60.0
20230820, TS, 19.4N,  38.3W,45.0,998.0,50.0
20230820, TS, 20.0N,  39.0W,45.0,998.0,50.0
20230821, TS, 20.3N,  39.8W,40.0,1000.0,50.0
20230821, LO, 20.6N,  40.6W,35.0,1003.0,50.0
20230821, LO, 21.0N,  41.4W,35.0,1004.0,50.0
20230821, LO, 21.4N,  42.2W,30.0,1005.0,50.0
20230822, LO, 21.9N,  43.1W,30.0,1006.0,50.0
20230822, LO, 22.5N,  44.1W,30.0,1006.0,50.0
20230822, LO, 23.4N,  45.1W,30.0,1006.0,60.0
20230822, LO, 24.4N,  46.1W,30.0,1006.0,60.0
20230823, LO, 25.3N,  47.2W,35.0,1006.0,60.0
20230823, LO, 26.1N,  48.4W,35.0,1006.0,60.0
20230823, LO, 26.9N,  49.2W,35.0,1006.0,50.0
20230823, LO, 27.8N,  49.6W,35.0,1006.0,50.0
20230824, LO, 28.6N,  49.6W,35.0,1006.0,50.0
20230824, LO, 29.3N,  49.2W,35.0,1006.0,50.0
20230824, LO, 29.8N,  48.9W,35.0,1008.0,50.0
20230824, LO, 30.5N,  48.7W,30.0,1010.0,50.0
20230825, LO, 31.4N,  48.6W,30.0,1010.0,50.0
20230825, LO, 32.4N,  48.6W,30.0,1010.0,50.0
20230819, LO, 12.8N,  60.5W,25.0,1006.0,90.0
20230820, LO, 13.1N,  62.1W,25.0,1006.0,90.0
20230820, TD, 13.5N,  63.7W,30.0,1004.0,30.0
20230820, TS, 14.0N,  65.2W,35.0,1002.0,30.0
20230820, TS, 14.5N,  66.6W,40.0,1001.0,25.0
20230821, TS, 14.8N,  67.9W,45.0,999.0,25.0
20230821, TS, 14.8N,  68.8W,45.0,999.0,25.0
20230821, TS, 14.6N,  69.5W,45.0,999.0,30.0
20230821, TS, 14.1N,  70.0W,45.0,1002.0,30.0
20230822, TS, 14.0N,  70.4W,45.0,1002.0,40.0
20230822, TS, 14.1N,  70.9W,40.0,1002.0,50.0
20230822, TS, 14.8N,  71.1W,40.0,1003.0,50.0
20230822, TS, 15.6N,  71.3W,35.0,1003.0,70.0
20230823, TS, 16.5N,  71.4W,35.0,1003.0,70.0
20230823, TS, 17.3N,  71.4W,40.0,1003.0,70.0
20230823, TS, 17.9N,  71.2W,40.0,1003.0,70.0
20230823, TS, 18.3N,  71.1W,40.0,1005.0,70.0
20230823, TS, 19.4N,  70.8W,35.0,1004.0,70.0
20230824, TS, 20.6N,  70.6W,40.0,1005.0,25.0
20230824, TS, 21.6N,  70.5W,45.0,1001.0,25.0
20230824, TS, 22.0N,  70.0W,50.0,998.0,30.0
20230824, TS, 22.2N,  69.3W,50.0,1000.0,40.0
20230825, TS, 22.4N,  68.5W,50.0,1000.0,40.0
20230825, TS, 22.2N,  68.1W,50.0,1000.0,40.0
20230825, TS, 21.9N,  67.9W,45.0,1003.0,40.0
20230825, TS, 21.8N,  67.3W,45.0,1003.0,40.0
20230826, TS, 22.2N,  66.5W,50.0,1002.0,30.0
20230826, TS, 22.6N,  66.0W,55.0,992.0,20.0
20230826, HU, 23.2N,  66.5W,65.0,989.0,15.0
20230826, HU, 23.5N,  67.3W,70.0,982.0,15.0
20230827, HU, 23.9N,  67.9W,75.0,977.0,15.0
20230827, HU, 24.4N,  68.5W,75.0,973.0,10.0
20230827, HU, 24.9N,  69.1W,80.0,970.0,10.0
20230827, HU, 25.5N,  69.7W,80.0,967.0,10.0
20230828, HU, 26.0N,  70.3W,85.0,964.0,10.0
20230828, HU, 26.7N,  70.6W,100.0,951.0,10.0
20230828, HU, 27.5N,  70.9W,125.0,937.0,10.0
20230828, HU, 28.2N,  71.1W,125.0,931.0,10.0
20230829, HU, 28.9N,  71.1W,130.0,926.0,5.0
20230829, HU, 29.7N,  71.0W,120.0,935.0,5.0
20230829, HU, 30.3N,  70.7W,115.0,941.0,20.0
20230829, HU, 31.1N,  70.2W,110.0,947.0,20.0
20230830, HU, 31.8N,  69.5W,100.0,953.0,25.0
20230830, HU, 32.6N,  68.7W,95.0,956.0,30.0
20230830, HU, 33.2N,  67.8W,95.0,958.0,30.0
20230830, HU, 33.9N,  66.7W,90.0,960.0,25.0
20230831, HU, 34.4N,  65.2W,90.0,961.0,25.0
20230831, HU, 34.7N,  63.9W,85.0,963.0,20.0
20230831, HU, 35.1N,  62.6W,85.0,964.0,20.0
20230831, HU, 35.6N,  61.1W,80.0,969.0,30.0
20230901, HU, 36.4N,  59.7W,75.0,975.0,30.0
20230901, HU, 37.4N,  58.2W,70.0,978.0,40.0
20230901, HU, 38.2N,  56.6W,65.0,982.0,50.0
20230901, EX, 38.8N,  54.6W,70.0,979.0,50.0
20230902, EX, 39.6N,  52.0W,70.0,979.0,50.0
20230902, EX, 41.2N,  48.8W,70.0,980.0,50.0
20230902, EX, 43.0N,  45.9W,65.0,981.0,60.0
20230902, EX, 44.8N,  43.4W,65.0,982.0,70.0
20230903, EX, 45.8N,  41.0W,65.0,984.0,80.0
20230903, EX, 46.4N,  38.7W,60.0,986.0,80.0
20230903, EX, 47.0N,  36.2W,55.0,988.0,70.0
20230903, EX, 47.7N,  33.4W,55.0,990.0,40.0
20230904, EX, 47.8N,  30.8W,50.0,991.0,60.0
20230904, EX, 47.5N,  28.6W,45.0,993.0,60.0
20230904, EX, 47.1N,  27.3W,40.0,994.0,80.0
20230904, EX, 46.7N,  26.8W,40.0,995.0,100.0
20230905, EX, 46.0N,  26.6W,40.0,995.0,100.0
20230905, EX, 44.6N,  26.3W,40.0,995.0,100.0
20230905, EX, 42.8N,  25.4W,40.0,995.0,100.0
20230905, EX, 41.0N,  23.8W,40.0,995.0,100.0
20230906, EX, 40.1N,  21.6W,35.0,995.0,100.0
20230906, EX, 40.1N,  19.4W,35.0,995.0,100.0
20230906, EX, 41.3N,  17.7W,40.0,993.0,70.0
20230906, EX, 43.3N,  16.5W,45.0,992.0,50.0
20230907, EX, 45.4N,  16.0W,50.0,991.0,30.0
20230907, EX, 46.8N,  16.1W,50.0,991.0,30.0
20230907, EX, 47.7N,  16.3W,45.0,993.0,30.0
20230907, EX, 48.5N,  16.5W,40.0,996.0,30.0
20230908, EX, 48.5N,  17.2W,35.0,998.0,30.0
20230908, EX, 48.3N,  17.8W,30.0,1001.0,30.0
20230908, EX, 47.9N,  18.5W,30.0,1004.0,30.0
20230908, EX, 47.2N,  18.9W,30.0,1006.0,30.0
20230909, EX, 46.3N,  19.1W,30.0,1007.0,30.0
20230909, EX, 45.3N,  19.4W,30.0,1007.0,30.0
20230909, EX, 44.1N,  19.8W,25.0,1008.0,30.0
20230909, EX, 43.1N,  20.3W,25.0,1008.0,30.0
20230821, DB, 24.7N,  89.2W,25.0,1008.0,90.0
20230821, TD, 25.0N,  90.8W,30.0,1008.0,90.0
20230822, TD, 25.4N,  92.4W,30.0,1008.0,70.0
20230822, TS, 25.8N,  94.3W,40.0,1003.0,50.0
20230822, TS, 26.8N,  96.4W,50.0,996.0,30.0
20230822, TS, 27.1N,  97.4W,50.0,995.0,30.0
20230822, TS, 27.3N,  98.3W,40.0,997.0,30.0
20230823, TD, 27.7N, 100.1W,30.0,1002.0,40.0
20230823, TD, 28.5N, 101.7W,25.0,1007.0,50.0
20230823, LO, 29.7N, 103.3W,20.0,1011.0,50.0
20230826, TD, 20.8N,  86.1W,25.0,1006.0,90.0
20230826, TD, 21.3N,  86.2W,25.0,1006.0,70.0
20230827, TD, 21.1N,  86.4W,30.0,1004.0,40.0
20230827, TD, 20.5N,  86.8W,30.0,1002.0,20.0
20230827, TS, 19.9N,  86.3W,35.0,999.0,20.0
20230827, TS, 19.9N,  85.8W,40.0,996.0,20.0
20230828, TS, 19.8N,  85.4W,45.0,992.0,20.0
20230828, TS, 19.9N,  85.2W,55.0,989.0,20.0
20230828, TS, 20.6N,  85.2W,55.0,989.0,20.0
20230828, TS, 21.2N,  85.2W,60.0,986.0,20.0
20230829, TS, 21.8N,  85.1W,60.0,984.0,20.0
20230829, HU, 22.6N,  85.0W,65.0,981.0,15.0
20230829, HU, 23.8N,  84.8W,70.0,978.0,15.0
20230829, HU, 25.3N,  84.8W,80.0,973.0,15.0
20230830, HU, 26.9N,  84.7W,90.0,965.0,10.0
20230830, HU, 28.3N,  84.5W,105.0,945.0,10.0
20230830, HU, 29.1N,  84.1W,115.0,942.0,10.0
20230830, HU, 29.9N,  83.6W,100.0,950.0,10.0
20230830, HU, 30.0N,  83.5W,100.0,954.0,10.0
20230830, TS, 31.5N,  82.5W,60.0,981.0,20.0
20230831, TS, 32.7N,  80.9W,50.0,985.0,40.0
20230831, TS, 33.5N,  78.9W,50.0,990.0,40.0
20230831, EX, 33.7N,  77.0W,55.0,990.0,40.0
20230831, EX, 33.6N,  74.6W,55.0,993.0,40.0
20230901, EX, 33.4N,  72.3W,55.0,996.0,60.0
20230901, EX, 32.7N,  70.5W,50.0,997.0,80.0
20230901, EX, 32.3N,  68.8W,50.0,998.0,100.0
20230901, EX, 32.1N,  67.1W,50.0,999.0,100.0
20230902, EX, 31.9N,  65.7W,50.0,999.0,100.0
20230902, EX, 31.8N,  64.7W,50.0,999.0,80.0
20230902, EX, 31.8N,  63.9W,50.0,998.0,90.0
20230902, EX, 31.8N,  63.1W,50.0,997.0,80.0
20230903, EX, 32.0N,  62.2W,50.0,996.0,80.0
20230903, EX, 32.5N,  61.3W,50.0,994.0,80.0
20230903, EX, 33.4N,  60.5W,50.0,992.0,80.0
20230903, EX, 34.9N,  59.7W,55.0,990.0,80.0
20230904, EX, 36.2N,  58.9W,60.0,988.0,80.0
20230904, EX, 37.6N,  58.0W,60.0,985.0,80.0
20230904, EX, 39.2N,  57.5W,55.0,985.0,90.0
20230904, EX, 40.5N,  57.9W,55.0,986.0,80.0
20230905, EX, 41.1N,  58.7W,50.0,986.0,50.0
20230905, EX, 41.6N,  59.1W,50.0,986.0,50.0
20230905, EX, 42.2N,  59.3W,45.0,986.0,120.0
20230905, EX, 42.6N,  59.8W,40.0,987.0,120.0
20230906, EX, 42.6N,  60.5W,35.0,988.0,120.0
20230906, EX, 42.6N,  61.4W,35.0,991.0,120.0
20230906, EX, 42.6N,  62.0W,35.0,992.0,120.0
20230906, EX, 42.6N,  62.8W,35.0,994.0,120.0
20230907, EX, 42.9N,  62.9W,30.0,996.0,120.0
20230907, EX, 43.0N,  62.1W,30.0,998.0,90.0
20230907, EX, 43.2N,  61.1W,30.0,1000.0,40.0
20230907, EX, 43.6N,  60.1W,30.0,1001.0,40.0
20230908, EX, 44.3N,  59.3W,30.0,1002.0,40.0
20230908, EX, 45.2N,  58.3W,30.0,1003.0,40.0
20230829, TD, 27.7N,  51.7W,30.0,1014.0,30.0
20230829, TD, 27.7N,  51.5W,30.0,1013.0,30.0
20230829, TD, 27.9N,  51.5W,30.0,1012.0,30.0
20230829, TD, 28.0N,  51.8W,30.0,1012.0,30.0
20230830, TD, 28.0N,  52.1W,30.0,1011.0,30.0
20230830, TD, 28.1N,  52.1W,30.0,1010.0,30.0
20230830, TD, 28.1N,  52.1W,30.0,1010.0,30.0
20230830, TD, 28.2N,  52.1W,30.0,1010.0,25.0
20230831, TS, 28.3N,  52.1W,35.0,1009.0,20.0
20230831, TS, 28.6N,  52.1W,40.0,1006.0,15.0
20230831, TS, 29.3N,  52.1W,45.0,1004.0,10.0
20230831, TS, 30.4N,  52.3W,50.0,999.0,5.0
20230901, TS, 31.6N,  52.5W,55.0,996.0,5.0
20230901, TS, 32.9N,  52.4W,55.0,996.0,10.0
20230901, TS, 34.9N,  51.4W,50.0,997.0,20.0
20230901, TS, 37.4N,  49.8W,50.0,997.0,20.0
20230830, LO, 14.9N,  21.3W,25.0,1008.0,90.0
20230830, LO, 15.2N,  22.4W,25.0,1007.0,80.0
20230830, LO, 15.4N,  23.4W,25.0,1007.0,70.0
20230830, LO, 15.5N,  24.1W,25.0,1007.0,60.0
20230831, LO, 15.8N,  24.8W,25.0,1007.0,60.0
20230831, LO, 16.1N,  25.5W,25.0,1007.0,60.0
20230831, LO, 16.5N,  26.2W,30.0,1006.0,60.0
20230831, TD, 17.0N,  27.0W,30.0,1006.0,50.0
20230901, TD, 17.7N,  27.6W,30.0,1006.0,50.0
20230901, TD, 18.5N,  27.9W,30.0,1006.0,50.0
20230901, TD, 19.3N,  28.1W,30.0,1006.0,50.0
20230901, TD, 20.2N,  28.3W,30.0,1006.0,50.0
20230902, TS, 21.1N,  28.5W,35.0,1005.0,40.0
20230902, TS, 22.3N,  28.8W,40.0,1004.0,30.0
20230902, TS, 23.5N,  29.4W,45.0,1000.0,30.0
20230902, TS, 24.5N,  30.1W,50.0,998.0,30.0
20230903, TS, 25.3N,  30.9W,45.0,1000.0,40.0
20230903, TS, 26.0N,  31.5W,40.0,1002.0,40.0
20230903, TS, 26.5N,  32.0W,35.0,1006.0,40.0
20230903, TS, 26.9N,  32.7W,35.0,1006.0,50.0
20230904, TD, 27.1N,  33.3W,30.0,1007.0,50.0
20230904, LO, 27.4N,  33.6W,30.0,1008.0,60.0
20230904, LO, 27.7N,  34.0W,30.0,1009.0,60.0
20230904, LO, 27.9N,  34.4W,30.0,1010.0,60.0
20230905, LO, 28.0N,  34.5W,25.0,1010.0,60.0
20230905, LO, 28.2N,  34.6W,25.0,1010.0,60.0
20230905, LO, 28.3N,  34.6W,25.0,1010.0,60.0
20230905, LO, 28.3N,  34.2W,25.0,1010.0,50.0
20230906, LO, 28.0N,  33.7W,25.0,1010.0,50.0
20230906, LO, 27.6N,  33.1W,25.0,1010.0,50.0
20230906, LO, 27.4N,  32.2W,25.0,1011.0,50.0
20230906, LO, 26.7N,  31.8W,25.0,1011.0,50.0
20230907, LO, 26.0N,  31.8W,30.0,1010.0,50.0
20230907, LO, 25.4N,  32.2W,30.0,1010.0,50.0
20230907, LO, 24.6N,  32.7W,25.0,1011.0,50.0
20230907, LO, 24.0N,  33.8W,25.0,1011.0,50.0
20230908, LO, 23.2N,  34.8W,25.0,1011.0,50.0
20230908, LO, 22.3N,  36.0W,25.0,1011.0,50.0
20230908, LO, 21.5N,  37.6W,25.0,1011.0,50.0
20230908, LO, 20.5N,  39.2W,25.0,1011.0,50.0
20230909, LO, 19.6N,  40.9W,25.0,1011.0,50.0
20230909, LO, 18.4N,  42.0W,25.0,1011.0,50.0
20230909, LO, 17.6N,  42.9W,25.0,1011.0,50.0
20230909, LO, 16.8N,  43.7W,25.0,1011.0,50.0
20230910, LO, 16.0N,  44.5W,20.0,1012.0,40.0
20230910, LO, 15.4N,  45.5W,20.0,1012.0,40.0
20230910, LO, 15.0N,  46.3W,20.0,1012.0,40.0
20230910, LO, 14.8N,  46.9W,20.0,1012.0,40.0
20230911, LO, 14.6N,  47.4W,20.0,1012.0,30.0
20230911, LO, 14.5N,  47.9W,20.0,1012.0,30.0
20230911, LO, 14.4N,  48.1W,20.0,1012.0,30.0
20230911, LO, 14.4N,  48.3W,20.0,1012.0,30.0
20230912, LO, 14.4N,  48.3W,20.0,1012.0,20.0
20230912, LO, 14.5N,  48.3W,20.0,1012.0,20.0
20230912, LO, 14.6N,  48.2W,20.0,1012.0,20.0
20230912, LO, 14.7N,  48.1W,15.0,1012.0,20.0
20230913, LO, 14.9N,  48.0W,15.0,1012.0,20.0
20230913, LO, 15.1N,  47.8W,15.0,1012.0,20.0
20230913, LO, 15.0N,  47.6W,15.0,1012.0,20.0
20230913, LO, 14.9N,  47.7W,15.0,1012.0,20.0
20230914, LO, 14.7N,  47.8W,15.0,1012.0,20.0
20230914, LO, 14.5N,  48.0W,15.0,1012.0,20.0
20230914, LO, 14.2N,  48.4W,15.0,1012.0,20.0
20230914, LO, 13.6N,  48.8W,15.0,1012.0,20.0
20230915, LO, 13.0N,  49.2W,15.0,1012.0,20.0
20230915, LO, 12.4N,  49.1W,15.0,1012.0,20.0
20230915, LO, 11.8N,  48.8W,15.0,1012.0,20.0
20230905, TD, 12.2N,  39.6W,30.0,1008.0,100.0
20230905, TS, 12.9N,  41.1W,35.0,1006.0,60.0
20230906, TS, 13.2N,  42.5W,45.0,1003.0,60.0
20230906, TS, 13.5N,  43.9W,55.0,997.0,30.0
20230906, TS, 14.0N,  45.0W,60.0,994.0,30.0
20230906, HU, 14.6N,  46.1W,65.0,991.0,15.0
20230907, HU, 15.1N,  47.1W,70.0,989.0,15.0
20230907, HU, 15.6N,  48.2W,75.0,986.0,15.0
20230907, HU, 16.1N,  49.4W,85.0,980.0,15.0
20230907, HU, 16.6N,  50.7W,105.0,961.0,15.0
20230908, HU, 17.0N,  51.8W,135.0,933.0,10.0
20230908, HU, 17.5N,  53.0W,145.0,926.0,10.0
20230908, HU, 17.9N,  54.1W,135.0,940.0,10.0
20230908, HU, 18.5N,  55.1W,125.0,941.0,10.0
20230909, HU, 19.0N,  56.0W,105.0,958.0,10.0
20230909, HU, 19.5N,  57.0W,100.0,963.0,10.0
20230909, HU, 20.0N,  57.9W,100.0,954.0,10.0
20230909, HU, 20.4N,  58.8W,95.0,958.0,10.0
20230910, HU, 20.8N,  59.5W,85.0,960.0,10.0
20230910, HU, 21.2N,  60.2W,90.0,960.0,15.0
20230910, HU, 21.5N,  60.8W,95.0,956.0,15.0
20230910, HU, 21.9N,  61.4W,105.0,954.0,15.0
20230911, HU, 22.3N,  61.9W,105.0,950.0,15.0
20230911, HU, 22.8N,  62.5W,105.0,950.0,15.0
20230911, HU, 23.2N,  63.2W,105.0,948.0,15.0
20230911, HU, 23.5N,  63.9W,100.0,948.0,15.0
20230912, HU, 23.7N,  64.5W,100.0,948.0,25.0
20230912, HU, 23.9N,  65.1W,100.0,948.0,25.0
20230912, HU, 24.1N,  65.7W,100.0,948.0,30.0
20230912, HU, 24.5N,  66.2W,100.0,946.0,30.0
20230913, HU, 24.9N,  66.6W,100.0,946.0,30.0
20230913, HU, 25.3N,  66.9W,100.0,948.0,30.0
20230913, HU, 26.0N,  67.2W,95.0,950.0,40.0
20230913, HU, 26.8N,  67.6W,90.0,951.0,50.0
20230914, HU, 27.6N,  67.8W,90.0,951.0,50.0
20230914, HU, 28.5N,  68.0W,85.0,953.0,50.0
20230914, HU, 29.8N,  68.2W,80.0,955.0,50.0
20230914, HU, 31.1N,  68.3W,75.0,955.0,60.0
20230915, HU, 32.1N,  67.8W,75.0,955.0,60.0
20230915, HU, 33.6N,  67.6W,75.0,957.0,60.0
20230915, HU, 35.1N,  67.1W,75.0,962.0,60.0
20230915, HU, 37.1N,  66.7W,75.0,962.0,75.0
20230916, HU, 38.7N,  65.9W,75.0,963.0,90.0
20230916, EX, 40.9N,  66.0W,70.0,965.0,100.0
20230916, EX, 42.7N,  66.3W,65.0,965.0,100.0
20230916, EX, 43.8N,  66.4W,55.0,968.0,100.0
20230916, EX, 44.3N,  66.3W,55.0,970.0,100.0
20230917, EX, 44.7N,  66.2W,55.0,979.0,100.0
20230917, EX, 45.9N,  64.8W,50.0,986.0,120.0
20230917, EX, 47.3N,  63.0W,40.0,989.0,120.0
20230917, EX, 48.6N,  60.1W,40.0,989.0,120.0
20230918, EX, 50.7N,  57.9W,35.0,994.0,120.0
20230918, EX, 51.7N,  53.2W,35.0,994.0,120.0
20230918, EX, 52.6N,  48.6W,40.0,993.0,120.0
20230918, EX, 53.0N,  42.0W,40.0,993.0,120.0
20230907, TD, 15.5N,  26.0W,30.0,1006.0,20.0
20230907, TS, 16.0N,  27.3W,35.0,1005.0,20.0
20230908, TS, 16.5N,  28.6W,35.0,1005.0,20.0
20230908, TS, 17.1N,  30.1W,35.0,1005.0,20.0
20230908, TS, 17.8N,  31.8W,35.0,1005.0,20.0
20230908, TS, 18.5N,  33.6W,35.0,1005.0,20.0
20230909, TS, 19.1N,  35.1W,35.0,1005.0,20.0
20230909, TS, 19.7N,  36.4W,40.0,1004.0,20.0
20230909, TS, 20.2N,  37.5W,40.0,1004.0,20.0
20230909, TS, 20.7N,  38.3W,40.0,1004.0,20.0
20230910, TS, 21.2N,  38.9W,45.0,1003.0,20.0
20230910, TS, 21.8N,  39.4W,45.0,1002.0,20.0
20230910, TS, 22.5N,  39.8W,45.0,1000.0,20.0
20230910, TS, 23.3N,  40.0W,50.0,998.0,20.0
20230911, TS, 24.0N,  40.0W,55.0,996.0,20.0
20230911, TS, 24.7N,  40.0W,55.0,993.0,15.0
20230911, TS, 25.5N,  40.0W,60.0,990.0,15.0
20230911, HU, 26.4N,  39.9W,65.0,986.0,15.0
20230912, HU, 27.5N,  39.6W,70.0,981.0,15.0
20230912, HU, 28.6N,  39.4W,75.0,977.0,10.0
20230912, HU, 29.8N,  39.3W,75.0,974.0,10.0
20230912, HU, 31.0N,  39.4W,75.0,972.0,10.0
20230913, HU, 32.1N,  39.6W,75.0,970.0,10.0
20230913, HU, 33.0N,  39.9W,80.0,969.0,10.0
20230913, HU, 33.7N,  40.3W,80.0,969.0,10.0
20230913, HU, 34.4N,  40.6W,75.0,970.0,10.0
20230914, HU, 35.1N,  40.7W,75.0,972.0,10.0
20230914, HU, 35.8N,  40.5W,70.0,974.0,50.0
20230914, HU, 36.3N,  40.1W,70.0,976.0,60.0
20230914, HU, 36.6N,  39.6W,70.0,978.0,60.0
20230915, HU, 36.7N,  39.1W,65.0,980.0,60.0
20230915, TS, 36.7N,  38.6W,60.0,982.0,60.0
20230915, TS, 36.5N,  38.1W,55.0,984.0,60.0
20230915, TS, 36.1N,  37.8W,55.0,986.0,60.0
20230916, TS, 35.7N,  37.8W,55.0,988.0,60.0
20230916, TS, 35.2N,  38.0W,55.0,990.0,70.0
20230916, TS, 34.7N,  38.5W,50.0,993.0,80.0
20230916, TS, 34.3N,  39.2W,45.0,996.0,80.0
20230917, LO, 34.0N,  40.1W,40.0,999.0,80.0
20230917, LO, 34.0N,  41.1W,35.0,1001.0,80.0
20230917, LO, 34.3N,  42.0W,35.0,1003.0,80.0
20230917, LO, 34.7N,  43.0W,35.0,1005.0,80.0
20230918, LO, 35.3N,  43.6W,30.0,1006.0,80.0
20230918, LO, 36.0N,  43.8W,30.0,1007.0,80.0
20230918, LO, 36.8N,  43.6W,30.0,1008.0,80.0
20230918, LO, 37.8N,  42.7W,30.0,1009.0,80.0
20230915, TD, 13.6N,  42.2W,30.0,1007.0,70.0
20230915, TD, 14.3N,  43.2W,30.0,1007.0,70.0
20230915, TD, 15.2N,  44.0W,30.0,1007.0,80.0
20230916, TD, 16.1N,  44.8W,30.0,1007.0,80.0
20230916, TD, 17.4N,  45.4W,30.0,1007.0,100.0
20230916, TD, 18.7N,  46.0W,30.0,1006.0,100.0
20230916, TD, 20.1N,  46.7W,30.0,1006.0,100.0
20230917, TS, 21.4N,  47.6W,35.0,1005.0,80.0
20230917, TS, 22.5N,  48.3W,45.0,1001.0,40.0
20230917, TS, 23.5N,  48.8W,50.0,997.0,40.0
20230917, TS, 24.5N,  49.4W,55.0,994.0,40.0
20230918, TS, 25.3N,  50.0W,60.0,992.0,30.0
20230918, HU, 26.0N,  50.6W,65.0,987.0,20.0
20230918, HU, 26.8N,  51.1W,65.0,987.0,20.0
20230918, HU, 27.5N,  51.7W,70.0,982.0,20.0
20230919, HU, 28.2N,  52.4W,75.0,979.0,30.0
20230919, HU, 29.0N,  53.2W,75.0,979.0,30.0
20230919, HU, 29.9N,  54.0W,80.0,975.0,30.0
20230919, HU, 31.1N,  54.7W,85.0,972.0,30.0
20230920, HU, 32.4N,  55.0W,85.0,971.0,30.0
20230920, HU, 33.7N,  55.2W,85.0,971.0,30.0
20230920, HU, 35.2N,  54.7W,80.0,972.0,30.0
20230920, HU, 36.7N,  53.6W,80.0,972.0,30.0
20230921, HU, 38.3N,  51.6W,80.0,973.0,30.0
20230921, HU, 40.0N,  49.2W,75.0,975.0,30.0
20230921, HU, 41.3N,  46.3W,75.0,975.0,30.0
20230921, HU, 42.8N,  42.8W,70.0,975.0,40.0
20230922, HU, 44.3N,  38.7W,65.0,975.0,40.0
20230922, EX, 45.4N,  34.3W,60.0,974.0,40.0
20230922, EX, 47.2N,  30.2W,55.0,972.0,40.0
20230922, EX, 48.9N,  26.8W,55.0,971.0,40.0
20230923, EX, 50.9N,  24.0W,55.0,969.0,40.0
20230923, EX, 53.3N,  22.2W,55.0,967.0,40.0
20230923, EX, 55.6N,  22.7W,55.0,964.0,40.0
20230923, EX, 57.7N,  23.2W,55.0,961.0,40.0
20230924, EX, 58.3N,  25.6W,50.0,958.0,40.0
20230924, EX, 57.4N,  27.4W,50.0,958.0,50.0
20230924, EX, 56.1N,  26.7W,45.0,961.0,50.0
20230924, EX, 56.4N,  23.5W,45.0,964.0,50.0
20230925, EX, 58.0N,  20.9W,40.0,969.0,50.0
20230925, EX, 60.1N,  18.6W,40.0,971.0,50.0
20230925, EX, 61.0N,  18.5W,40.0,972.0,50.0
20230925, EX, 61.5N,  19.4W,40.0,974.0,50.0
20230926, EX, 61.5N,  20.9W,40.0,976.0,50.0
20230926, EX, 61.5N,  22.5W,40.0,977.0,50.0
20230926, EX, 61.5N,  23.3W,40.0,977.0,50.0
20230921, EX, 28.5N,  76.0W,30.0,1012.0,150.0
20230921, EX, 29.0N,  75.6W,30.0,1012.0,150.0
20230922, EX, 29.5N,  75.3W,35.0,1008.0,120.0
20230922, EX, 30.3N,  75.1W,40.0,1002.0,100.0
20230922, EX, 31.6N,  75.5W,50.0,996.0,90.0
20230922, TS, 32.7N,  76.1W,60.0,989.0,60.0
20230923, TS, 33.3N,  76.6W,60.0,983.0,40.0
20230923, TS, 33.8N,  77.1W,60.0,981.0,30.0
20230923, TS, 34.7N,  77.1W,60.0,981.0,30.0
20230923, TS, 35.1N,  77.1W,50.0,982.0,40.0
20230923, TS, 36.3N,  77.5W,40.0,997.0,100.0
20230924, EX, 36.8N,  77.6W,30.0,1002.0,150.0
20230924, EX, 37.2N,  77.6W,25.0,1006.0,150.0
20230924, EX, 37.9N,  77.4W,20.0,1009.0,200.0
20230924, EX, 38.9N,  76.9W,20.0,1010.0,200.0
20230923, TD, 15.5N,  36.6W,30.0,1007.0,70.0
20230923, TD, 15.6N,  38.0W,30.0,1007.0,70.0
20230923, TS, 15.7N,  39.1W,35.0,1005.0,60.0
20230924, TS, 15.8N,  39.8W,40.0,1003.0,50.0
20230924, TS, 16.0N,  40.5W,45.0,1001.0,50.0
20230924, TS, 16.3N,  41.3W,45.0,1000.0,40.0
20230924, TS, 16.6N,  42.0W,45.0,1000.0,40.0
20230925, TS, 16.9N,  42.9W,45.0,1000.0,40.0
20230925, TS, 17.1N,  43.8W,50.0,998.0,30.0
20230925, TS, 17.1N,  44.8W,50.0,998.0,30.0
20230925, TS, 17.1N,  46.2W,45.0,1000.0,40.0
20230926, TS, 17.4N,  47.3W,45.0,1001.0,50.0
20230926, TS, 17.5N,  48.5W,45.0,1001.0,50.0
20230926, TS, 17.4N,  49.7W,40.0,1003.0,60.0
20230926, TS, 17.1N,  50.8W,40.0,1003.0,70.0
20230927, TS, 17.2N,  51.6W,40.0,1003.0,80.0
20230927, TS, 17.4N,  52.3W,40.0,1003.0,80.0
20230927, TS, 17.5N,  53.0W,45.0,1000.0,80.0
20230927, TS, 17.8N,  53.7W,45.0,1000.0,80.0
20230928, TS, 18.1N,  54.3W,40.0,1002.0,90.0
20230928, TS, 18.5N,  54.5W,40.0,1002.0,90.0
20230928, TS, 18.7N,  54.7W,40.0,1002.0,90.0
20230928, TS, 18.6N,  54.8W,40.0,1002.0,90.0
20230929, TS, 18.5N,  54.9W,40.0,1002.0,80.0
20230929, TS, 18.4N,  55.0W,40.0,1002.0,80.0
20230929, TS, 18.2N,  55.3W,45.0,1002.0,80.0
20230929, TS, 18.0N,  55.6W,45.0,1002.0,80.0
20230930, TS, 17.6N,  55.7W,45.0,1001.0,80.0
20230930, TS, 17.2N,  55.8W,45.0,999.0,80.0
20230930, TS, 16.8N,  56.0W,45.0,999.0,80.0
20230930, TS, 16.4N,  56.3W,50.0,998.0,70.0
20231001, TS, 16.1N,  56.7W,50.0,998.0,70.0
20231001, TS, 16.0N,  57.5W,50.0,999.0,70.0
20231001, TS, 16.0N,  58.4W,45.0,1001.0,70.0
20231001, TS, 16.2N,  58.8W,45.0,1001.0,70.0
20231002, TS, 16.5N,  59.0W,45.0,999.0,70.0
20231002, TS, 16.8N,  59.7W,45.0,999.0,70.0
20231002, TS, 16.9N,  60.5W,45.0,1000.0,70.0
20231002, TS, 17.3N,  61.2W,45.0,1001.0,70.0
20231002, TS, 17.6N,  61.8W,45.0,1001.0,70.0
20231003, TS, 17.6N,  61.9W,45.0,1001.0,80.0
20231003, TS, 18.1N,  62.7W,45.0,1001.0,80.0
20231003, TS, 18.6N,  63.6W,40.0,1003.0,90.0
20231003, TS, 19.1N,  64.5W,40.0,1004.0,90.0
20231004, TS, 19.5N,  65.2W,40.0,1004.0,90.0
20231004, TS, 20.2N,  65.4W,40.0,1004.0,100.0
20231004, TS, 21.2N,  65.6W,40.0,1004.0,100.0
20231004, TS, 22.2N,  65.8W,35.0,1004.0,100.0
20231005, TS, 23.1N,  66.0W,35.0,1004.0,100.0
20231005, TS, 24.0N,  66.2W,40.0,1004.0,90.0
20231005, TS, 25.1N,  66.3W,45.0,1004.0,80.0
20231005, TS, 26.4N,  66.1W,45.0,1004.0,80.0
20231006, TS, 27.6N,  66.0W,45.0,1004.0,90.0
20231006, TS, 28.7N,  65.5W,45.0,1003.0,100.0
20230928, TS, 15.6N,  44.5W,35.0,1005.0,60.0
20230928, TS, 16.9N,  45.1W,35.0,1004.0,50.0
20230928, TS, 17.7N,  45.8W,35.0,1004.0,50.0
20230929, TS, 18.2N,  46.2W,40.0,1002.0,50.0
20230929, TS, 18.6N,  46.4W,45.0,999.0,40.0
20230929, TS, 19.1N,  46.7W,45.0,999.0,40.0
20230929, TS, 19.8N,  47.5W,45.0,1000.0,40.0
20230930, TS, 20.2N,  48.4W,45.0,1000.0,40.0
20230930, TS, 20.5N,  49.1W,45.0,1000.0,40.0
20230930, TS, 21.0N,  50.0W,40.0,1002.0,30.0
20230930, TS, 22.1N,  51.0W,40.0,1004.0,30.0
20231001, TS, 23.0N,  52.2W,35.0,1005.0,30.0
20231001, TS, 23.8N,  53.3W,35.0,1005.0,30.0
20231001, TS, 24.8N,  54.4W,35.0,1006.0,40.0
20231001, LO, 25.8N,  55.3W,30.0,1007.0,40.0
20231002, LO, 26.7N,  55.6W,30.0,1008.0,50.0
20231010, TD,  9.6N,  30.2W,30.0,1007.0,80.0
20231011, TS,  9.8N,  31.4W,35.0,1006.0,80.0
20231011, TS, 10.1N,  32.6W,35.0,1006.0,80.0
20231011, TS, 10.7N,  33.7W,35.0,1006.0,80.0
20231011, TD, 11.3N,  34.7W,30.0,1007.0,60.0
20231012, TD, 11.8N,  35.6W,30.0,1007.0,40.0
20231012, TD, 12.3N,  36.4W,30.0,1007.0,40.0
20231012, TS, 12.8N,  37.1W,35.0,1006.0,40.0
20231012, TS, 13.3N,  37.8W,40.0,1005.0,40.0
20231013, TS, 13.7N,  39.0W,40.0,1005.0,40.0
20231013, TS, 14.0N,  40.1W,40.0,1005.0,40.0
20231013, TS, 14.3N,  41.2W,35.0,1006.0,40.0
20231013, TS, 14.6N,  42.2W,35.0,1006.0,40.0
20231014, TS, 14.9N,  42.7W,35.0,1006.0,40.0
20231014, TD, 15.3N,  43.3W,30.0,1007.0,40.0
20231014, TD, 15.8N,  43.9W,30.0,1007.0,40.0
20231014, TD, 16.3N,  44.5W,30.0,1007.0,40.0
20231015, TD, 16.8N,  45.1W,30.0,1008.0,40.0
20231015, TD, 17.3N,  45.8W,30.0,1009.0,40.0
20231015, LO, 17.6N,  46.6W,25.0,1010.0,40.0
20231015, LO, 17.9N,  47.6W,25.0,1010.0,40.0
20231016, LO, 18.1N,  48.6W,25.0,1011.0,40.0
20231016, LO, 18.2N,  49.8W,25.0,1011.0,40.0
20231016, LO, 18.3N,  51.0W,20.0,1011.0,40.0
20231016, LO, 18.4N,  52.2W,20.0,1011.0,40.0
20231018, TS, 12.9N,  51.0W,35.0,1007.0,80.0
20231019, TS, 13.0N,  52.5W,35.0,1006.0,60.0
20231019, TS, 13.2N,  54.0W,45.0,1004.0,60.0
20231019, TS, 13.4N,  55.3W,50.0,1004.0,50.0
20231019, TS, 13.5N,  56.4W,50.0,1002.0,50.0
20231020, TS, 13.6N,  57.2W,50.0,1001.0,50.0
20231020, TS, 13.7N,  57.9W,50.0,1000.0,50.0
20231020, TS, 13.9N,  58.4W,60.0,997.0,40.0
20231020, HU, 14.1N,  58.9W,65.0,991.0,20.0
20231021, HU, 14.5N,  59.6W,70.0,991.0,15.0
20231021, HU, 14.9N,  60.3W,70.0,991.0,15.0
20231021, HU, 15.6N,  60.6W,75.0,987.0,10.0
20231021, HU, 16.6N,  61.0W,75.0,987.0,10.0
20231022, HU, 17.5N,  61.7W,80.0,987.0,10.0
20231022, HU, 17.6N,  61.8W,80.0,987.0,10.0
20231022, HU, 18.0N,  62.2W,75.0,989.0,10.0
20231022, HU, 18.7N,  62.8W,75.0,990.0,10.0
20231022, HU, 19.4N,  63.4W,75.0,990.0,10.0
20231023, HU, 20.2N,  63.9W,75.0,992.0,10.0
20231023, HU, 21.0N,  64.0W,70.0,993.0,20.0
20231023, HU, 21.6N,  64.0W,70.0,993.0,20.0
20231023, HU, 22.1N,  63.8W,65.0,988.0,20.0
20231024, HU, 22.6N,  63.5W,65.0,987.0,20.0
20231024, HU, 23.1N,  63.1W,65.0,987.0,20.0
20231024, HU, 23.6N,  62.6W,65.0,987.0,20.0
20231024, HU, 24.0N,  62.0W,65.0,987.0,20.0
20231025, HU, 24.5N,  61.2W,75.0,976.0,20.0
20231025, HU, 25.1N,  60.4W,85.0,969.0,20.0
20231025, HU, 26.1N,  59.4W,95.0,965.0,20.0
20231025, HU, 27.5N,  58.3W,85.0,968.0,20.0
20231026, HU, 29.1N,  57.8W,80.0,970.0,20.0
20231026, HU, 30.0N,  58.3W,75.0,972.0,20.0
20231026, HU, 30.5N,  58.8W,70.0,975.0,20.0
20231026, HU, 31.0N,  59.5W,65.0,977.0,50.0
20231027, TS, 31.5N,  60.1W,60.0,980.0,50.0
20231027, TS, 31.8N,  60.6W,55.0,985.0,40.0
20231027, TS, 32.0N,  61.0W,55.0,988.0,40.0
20231027, TS, 32.3N,  61.4W,55.0,988.0,40.0
20231028, TS, 32.6N,  61.5W,50.0,991.0,40.0
20231028, TS, 32.9N,  61.0W,45.0,994.0,40.0
20231028, TS, 33.1N,  59.5W,45.0,995.0,40.0
20231028, TS, 33.3N,  58.0W,40.0,997.0,40.0
20231029, LO, 32.8N,  56.1W,35.0,1000.0,50.0
20231029, LO, 32.6N,  54.3W,35.0,1002.0,50.0
20231029, LO, 31.8N,  52.5W,35.0,1002.0,50.0
20231029, LO, 30.9N,  50.9W,35.0,1002.0,50.0
20231030, LO, 29.6N,  49.6W,30.0,1004.0,50.0
20231030, LO, 28.5N,  49.0W,30.0,1005.0,50.0
20231030, LO, 27.5N,  48.5W,30.0,1005.0,50.0
20231030, LO, 26.5N,  48.1W,25.0,1006.0,50.0
20231031, LO, 25.6N,  48.5W,25.0,1006.0,50.0
20231031, LO, 25.1N,  49.0W,25.0,1007.0,50.0
20231031, LO, 24.9N,  49.9W,20.0,1008.0,50.0
20231031, LO, 24.6N,  50.6W,20.0,1008.0,50.0
20231023, TD, 11.4N,  82.6W,25.0,1007.0,80.0
20231023, TD, 11.5N,  83.2W,25.0,1007.0,60.0
20231024, TD, 12.2N,  83.4W,25.0,1007.0,60.0
20231024, TD, 12.4N,  83.5W,25.0,1007.0,60.0
20231024, TD, 13.0N,  83.8W,25.0,1007.0,60.0
20231024, LO, 13.5N,  84.4W,20.0,1007.0,60.0
